[Licensing::Module] Trying to connect to existing licensing client channel...
Built from '6000.3/staging' branch; Version is '6000.3.0f1 (d1870ce95baf) revision 13731596'; Using compiler version '194234433'; Build Type 'Release'
OS: 'Windows 11  (10.0.26100) 64bit Core' Language: 'en' Physical Memory: 16297 MB
BatchMode: 1, IsHumanControllingUs: 0, StartBugReporterOnCrash: 0, Is64bit: 1
Date: 2025-12-06T10:02:44Z
[Licensing::IpcConnector] Successfully connected to: "LicenseClient-User" at "2025-12-06T10:02:44.9470525Z"

COMMAND LINE ARGUMENTS:
C:\Program Files\Unity\Hub\Editor\6000.3.0f1\Editor\Unity.exe
-adb2
-batchMode
-noUpm
-name
AssetImportWorker0
-projectPath
C:/Users/User/Setup Guide In-Editor Tutorial
-logFile
Logs/AssetImportWorker0.log
-srvPort
51961
-job-worker-count
2
-background-job-worker-count
8
-gc-helper-count
1
-name
AssetImport
Successfully changed project path to: C:/Users/User/Setup Guide In-Editor Tutorial
C:/Users/User/Setup Guide In-Editor Tutorial
[UnityMemory] Configuration Parameters - Can be set up in boot.config
    "memorysetup-temp-allocator-size-nav-mesh-worker=65536"
    "memorysetup-temp-allocator-size-audio-worker=65536"
    "memorysetup-temp-allocator-size-gfx=262144"
    "memorysetup-allocator-temp-initial-block-size-main=262144"
    "memorysetup-allocator-temp-initial-block-size-worker=262144"
    "memorysetup-temp-allocator-size-background-worker=32768"
    "memorysetup-temp-allocator-size-job-worker=262144"
    "memorysetup-temp-allocator-size-preload-manager=33554432"
    "memorysetup-temp-allocator-size-gi-baking-worker=262144"
    "memorysetup-temp-allocator-size-gi-baking-worker=262144"
    "memorysetup-temp-allocator-size-gi-baking-worker=262144"
    "memorysetup-temp-allocator-size-gi-baking-worker=262144"
    "memorysetup-temp-allocator-size-gi-baking-worker=262144"
    "memorysetup-bucket-allocator-granularity=16"
    "memorysetup-bucket-allocator-bucket-count=8"
    "memorysetup-bucket-allocator-block-size=33554432"
    "memorysetup-bucket-allocator-block-count=8"
    "memorysetup-main-allocator-block-size=16777216"
    "memorysetup-thread-allocator-block-size=16777216"
    "memorysetup-gfx-main-allocator-block-size=16777216"
    "memorysetup-gfx-thread-allocator-block-size=16777216"
    "memorysetup-cache-allocator-block-size=4194304"
    "memorysetup-typetree-allocator-block-size=2097152"
    "memorysetup-profiler-bucket-allocator-granularity=16"
    "memorysetup-profiler-bucket-allocator-bucket-count=8"
    "memorysetup-profiler-bucket-allocator-block-size=33554432"
    "memorysetup-profiler-bucket-allocator-block-count=8"
    "memorysetup-profiler-allocator-block-size=16777216"
    "memorysetup-profiler-editor-allocator-block-size=1048576"
    "memorysetup-temp-allocator-size-main=16777216"
    "memorysetup-job-temp-allocator-block-size=2097152"
    "memorysetup-job-temp-allocator-block-size-background=1048576"
    "memorysetup-job-temp-allocator-reduction-small-platforms=262144"
    "memorysetup-temp-allocator-size-cloud-worker=32768"
Player connection [4920]  Target information:

Player connection [4920]  * "[IP] 192.168.101.118 [Port] 0 [Flags] 2 [Guid] 3759060492 [EditorId] 3759060492 [Version] 1048832 [Id] WindowsEditor(7,DESKTOP-1U5OJD5) [Debug] 1 [PackageName] WindowsEditor [ProjectName] Editor" 

Player connection [4920] Host joined multi-casting on [225.0.0.222:54997]...
Player connection [4920] Host joined alternative multi-casting on [225.0.0.222:34997]...
JobSystem: Creating JobQueue using job-worker-count value 2
Input System module state changed to: Initialized.
[Physics::Module] Initialized fallback backend.
[Physics::Module] Id: 0xdecafbad
Library Redirect Path: Library/
[Physics::Module] Selected backend.
[Physics::Module] Name: PhysX
[Physics::Module] Id: 0xf2b8ea05
[Physics::Module] SDK Version: 4.1.2
[Physics::Module] Integration Version: 1.0.0
[Physics::Module] Threading Mode: Multi-Threaded
Refreshing native plugins compatible for Editor in 0.52 ms, found 0 plugins.
Preloading 0 native plugins for Editor in 0.00 ms.
Initialize engine version: 6000.3.0f1 (d1870ce95baf)
[Subsystems] Discovering subsystems at path C:/Program Files/Unity/Hub/Editor/6000.3.0f1/Editor/Data/Resources/UnitySubsystems
[Subsystems] Discovering subsystems at path C:/Users/User/Setup Guide In-Editor Tutorial/Assets
GfxDevice: creating device client; kGfxThreadingModeNonThreaded
Direct3D:
    Version:  Direct3D 11.0 [level 11.1]
    Renderer: Radeon RX 570 Series (ID=0x67df)
    Vendor:   ATI
    VRAM:     4074 MB
    Driver:   31.0.21923.11000
Initialize mono
Mono path[0] = 'C:/Program Files/Unity/Hub/Editor/6000.3.0f1/Editor/Data/Managed'
Mono path[1] = 'C:/Program Files/Unity/Hub/Editor/6000.3.0f1/Editor/Data/MonoBleedingEdge/lib/mono/unityjit-win32'
Mono config path = 'C:/Program Files/Unity/Hub/Editor/6000.3.0f1/Editor/Data/MonoBleedingEdge/etc'
Using monoOptions --debugger-agent=transport=dt_socket,embedding=1,server=y,suspend=n,address=127.0.0.1:56568
Begin MonoManager ReloadAssembly
Registering precompiled unity dll's ...
Register platform support module: C:/Program Files/Unity/Hub/Editor/6000.3.0f1/Editor/Data/PlaybackEngines/WindowsStandaloneSupport/UnityEditor.WindowsStandalone.Extensions.dll
Registered in 0.019767 seconds.
- Loaded All Assemblies, in  1.971 seconds
Native extension for WindowsStandalone target not found
[Licensing::Client] Error: HandshakeResponse reported an error:
	ResponseCode: 505
	ResponseStatus: Unsupported protocol version '1.17.4'.
[Licensing::Module] Error: Failed to handshake to channel: "LicenseClient-User"
[Licensing::IpcConnector] LicenseClient-User channel disconnected successfully.
[Licensing::IpcConnector] Successfully connected to: "LicenseClient-User-6000.3.0" at "2025-12-06T10:02:50.2210812Z"
Mono: successfully reloaded assembly
- Finished resetting the current domain, in  1.873 seconds
Domain Reload Profiling: 3829ms
	BeginReloadAssembly (769ms)
		ExecutionOrderSort (0ms)
		DisableScriptedObjects (0ms)
		BackupInstance (0ms)
		ReleaseScriptingObjects (0ms)
		CreateAndSetChildDomain (3ms)
	RebuildCommonClasses (216ms)
	RebuildNativeTypeToScriptingClass (85ms)
	initialDomainReloadingComplete (191ms)
	LoadAllAssembliesAndSetupDomain (695ms)
		LoadAssemblies (746ms)
		RebuildTransferFunctionScriptingTraits (0ms)
		AnalyzeDomain (683ms)
			TypeCache.Refresh (673ms)
				TypeCache.ScanAssembly (593ms)
			BuildScriptInfoCaches (0ms)
			ResolveRequiredComponents (1ms)
	FinalizeReload (1874ms)
		ReleaseScriptCaches (0ms)
		RebuildScriptCaches (0ms)
		SetupLoadedEditorAssemblies (1664ms)
			LogAssemblyErrors (0ms)
			InitializePlatformSupportModulesInManaged (226ms)
			SetLoadedEditorAssemblies (8ms)
			BeforeProcessingInitializeOnLoad (732ms)
			ProcessInitializeOnLoadAttributes (483ms)
			ProcessInitializeOnLoadMethodAttributes (214ms)
			AfterProcessingInitializeOnLoad (0ms)
			EditorAssembliesLoaded (0ms)
		ExecutionOrderSort2 (0ms)
		AwakeInstancesAfterBackupRestoration (0ms)
Assembly reference Packages/com.unity.cinemachine/Editor/Samples/ExposeHDRPInternals/HDRP-Editor-ref.asmref has no target assembly definition
========================================================================
Worker process is ready to serve import requests
Import Worker Mode flag is 0x00
Assembly reference Packages/com.unity.cinemachine/Editor/Samples/ExposeHDRPInternals/HDRP-Editor-ref.asmref has no target assembly definition
Assembly reference Packages/com.unity.cinemachine/Editor/Samples/ExposeHDRPInternals/HDRP-Editor-ref.asmref has no target assembly definition
Begin MonoManager ReloadAssembly
[Licensing::Module] Licensing is not yet initialized.
[Licensing::Client] Handshaking with LicensingClient:
  Version:                 1.17.4+4293ba1
  Session Id:              1aad3ec9d0824934af07192770b3184c
  Correlation Id:          2b48ff7c7af197e5860daa282385d219
  External correlation Id: 1316835763576462701
  Machine Id:              MTcJfOdK24ohwSqu5Bp1Wns05dM=
[Licensing::Module] Successfully connected to LicensingClient on channel: "LicenseClient-User-6000.3.0" (connect: 0.01s, validation: 0.00s, handshake: 1.89s)
[Licensing::IpcConnector] Successfully connected to: "LicenseClient-User-6000.3.0-notifications" at "2025-12-06T10:02:52.1152015Z"
[Licensing::Module] Licensing Background thread has ended after 7.17s
[Licensing::Module] Licensing is initialized (took 1.28s).
[Licensing::Client] Successfully resolved entitlement details
[Licensing::Module] License group:
  Id: 11270627281685-UnityPersXXXX
  Product: Unity Personal
  Type: Assigned
  Expiration: Unlimited
- Loaded All Assemblies, in  2.410 seconds
Assembly reference Packages/com.unity.cinemachine/Editor/Samples/ExposeHDRPInternals/HDRP-Editor-ref.asmref has no target assembly definition
'Packages/com.unity.cinemachine/Editor/Obsolete/CinemachineVirtualCameraBaseEditor.cs' contains partial class of Unity.Object, exactly 1 of the partial classes needs to be in a file with the same filename. This is to know the one that can be referenced from ie. GameObjects
'Packages/com.unity.cinemachine/Editor/Editors/CinemachineVirtualCameraBaseEditor.cs' contains partial class of Unity.Object, exactly 1 of the partial classes needs to be in a file with the same filename. This is to know the one that can be referenced from ie. GameObjects
Refreshing native plugins compatible for Editor in 0.42 ms, found 0 plugins.
Native extension for WindowsStandalone target not found
Assembly reference Packages/com.unity.cinemachine/Editor/Samples/ExposeHDRPInternals/HDRP-Editor-ref.asmref has no target assembly definition
Package Manager log level set to [2]
[Package Manager] Failed to launch server process. Reason: Unity was launched with the -noUpm command-line argument
[Package Manager] Unable to send message (not connected to server process).
[Package Manager] Cannot connect to Unity Package Manager local server
Mono: successfully reloaded assembly
- Finished resetting the current domain, in  1.031 seconds
Domain Reload Profiling: 3432ms
	BeginReloadAssembly (1570ms)
		ExecutionOrderSort (0ms)
		DisableScriptedObjects (11ms)
		BackupInstance (0ms)
		ReleaseScriptingObjects (0ms)
		CreateAndSetChildDomain (43ms)
	RebuildCommonClasses (60ms)
	RebuildNativeTypeToScriptingClass (20ms)
	initialDomainReloadingComplete (57ms)
	LoadAllAssembliesAndSetupDomain (694ms)
		LoadAssemblies (609ms)
		RebuildTransferFunctionScriptingTraits (0ms)
		AnalyzeDomain (234ms)
			TypeCache.Refresh (163ms)
				TypeCache.ScanAssembly (149ms)
			BuildScriptInfoCaches (50ms)
			ResolveRequiredComponents (16ms)
	FinalizeReload (1031ms)
		ReleaseScriptCaches (0ms)
		RebuildScriptCaches (0ms)
		SetupLoadedEditorAssemblies (682ms)
			LogAssemblyErrors (0ms)
			InitializePlatformSupportModulesInManaged (2ms)
			SetLoadedEditorAssemblies (4ms)
			BeforeProcessingInitializeOnLoad (219ms)
			ProcessInitializeOnLoadAttributes (357ms)
			ProcessInitializeOnLoadMethodAttributes (88ms)
			AfterProcessingInitializeOnLoad (11ms)
			EditorAssembliesLoaded (0ms)
		ExecutionOrderSort2 (0ms)
		AwakeInstancesAfterBackupRestoration (11ms)
Launched and connected shader compiler UnityShaderCompiler.exe after 0.03 seconds
Refreshing native plugins compatible for Editor in 0.39 ms, found 0 plugins.
Preloading 0 native plugins for Editor in 0.00 ms.
Unloading 70 Unused Serialized files (Serialized files now loaded: 0)
Unloading 4229 unused Assets / (10.4 MB). Loaded Objects now: 4951.
Memory consumption went from 131.6 MB to 121.2 MB.
Total: 14.442900 ms (FindLiveObjects: 0.507800 ms CreateObjectMapping: 0.507500 ms MarkObjects: 5.526600 ms  DeleteObjects: 7.899500 ms)

========================================================================
Received Import Request.
  Time since last request: 221635.137555 seconds.
  path: Assets/SourceFiles/Settings/Postprocessing Profile.asset
  artifactKey: Guid(55466062bffd39241915591e85d24b7f) Importer(2089858483,b0f066a214c2f5e87bad3c948f4d605d)
Start importing Assets/SourceFiles/Settings/Postprocessing Profile.asset using Guid(55466062bffd39241915591e85d24b7f) Importer(2089858483,b0f066a214c2f5e87bad3c948f4d605d) (ScriptedImporter) -> (artifact id: '71277127a28e7403d679c1ad4d0dfd56') in 0.1358038 seconds
Number of updated asset objects reloaded before import = 0Number of asset objects unloaded after import = 3

========================================================================
Received Import Request.
  Time since last request: 0.000023 seconds.
  path: Assets/SourceFiles/Scripts/MotionAudioController.cs
  artifactKey: Guid(8c2a1f8514c164c1b84d93b38976ba4d) Importer(2089858483,b0f066a214c2f5e87bad3c948f4d605d)
Start importing Assets/SourceFiles/Scripts/MotionAudioController.cs using Guid(8c2a1f8514c164c1b84d93b38976ba4d) Importer(2089858483,b0f066a214c2f5e87bad3c948f4d605d) (ScriptedImporter) -> (artifact id: '4b6c2b08c4c485192c7c0fc7d5083b1d') in 0.0212789 seconds
Number of updated asset objects reloaded before import = 0Number of asset objects unloaded after import = 0

========================================================================
Received Import Request.
  Time since last request: 0.000024 seconds.
  path: Assets/TextMesh Pro/Fonts/LiberationSans.ttf
  artifactKey: Guid(e3265ab4bf004d28a9537516768c1c75) Importer(2089858483,b0f066a214c2f5e87bad3c948f4d605d)
Start importing Assets/TextMesh Pro/Fonts/LiberationSans.ttf using Guid(e3265ab4bf004d28a9537516768c1c75) Importer(2089858483,b0f066a214c2f5e87bad3c948f4d605d) (ScriptedImporter) -> (artifact id: '27e089c75e5b4d3da5cb0f25c6a67160') in 0.0561719 seconds
Number of updated asset objects reloaded before import = 0Number of asset objects unloaded after import = 3

========================================================================
Received Import Request.
  Time since last request: 0.000016 seconds.
  path: Assets/Materials/Material_Runes.mat
  artifactKey: Guid(2615dcd8460b1df4ca9c7a8962c86dce) Importer(2089858483,b0f066a214c2f5e87bad3c948f4d605d)
Start importing Assets/Materials/Material_Runes.mat using Guid(2615dcd8460b1df4ca9c7a8962c86dce) Importer(2089858483,b0f066a214c2f5e87bad3c948f4d605d) (ScriptedImporter) -> (artifact id: '451b6bdf13e3110b121135ebfc6ecb6d') in 0.077023 seconds
Number of updated asset objects reloaded before import = 0Number of asset objects unloaded after import = 4

========================================================================
Received Import Request.
  Time since last request: 0.000025 seconds.
  path: Assets/SourceFiles/Fonts/Inter-Variable SDF.asset
  artifactKey: Guid(5643ef0249daf1743a85eed68f7ee94e) Importer(2089858483,b0f066a214c2f5e87bad3c948f4d605d)
Start importing Assets/SourceFiles/Fonts/Inter-Variable SDF.asset using Guid(5643ef0249daf1743a85eed68f7ee94e) Importer(2089858483,b0f066a214c2f5e87bad3c948f4d605d) (ScriptedImporter) -> (artifact id: 'd5b3e4f9795a965cf76944504358518c') in 0.0601191 seconds
Number of updated asset objects reloaded before import = 0Number of asset objects unloaded after import = 5

========================================================================
Received Import Request.
  Time since last request: 0.000024 seconds.
  path: Assets/SourceFiles/InputSystem/StarterAssetsInputs.cs
  artifactKey: Guid(e087ecce43ebbff45a1b360637807d93) Importer(2089858483,b0f066a214c2f5e87bad3c948f4d605d)
Start importing Assets/SourceFiles/InputSystem/StarterAssetsInputs.cs using Guid(e087ecce43ebbff45a1b360637807d93) Importer(2089858483,b0f066a214c2f5e87bad3c948f4d605d) (ScriptedImporter) -> (artifact id: '8d1b512570b220e56b448cf2e21b31a2') in 0.0127959 seconds
Number of updated asset objects reloaded before import = 0Number of asset objects unloaded after import = 0

========================================================================
Received Import Request.
  Time since last request: 0.000015 seconds.
  path: Assets/Skyboxes/SkySunset.mat
  artifactKey: Guid(d99cafe839075664b961c501e1560b60) Importer(2089858483,b0f066a214c2f5e87bad3c948f4d605d)
Start importing Assets/Skyboxes/SkySunset.mat using Guid(d99cafe839075664b961c501e1560b60) Importer(2089858483,b0f066a214c2f5e87bad3c948f4d605d) (ScriptedImporter) -> (artifact id: '1190efaf2afa37e68fa1a1b832e55595') in 0.0745865 seconds
Number of updated asset objects reloaded before import = 0Number of asset objects unloaded after import = 2

========================================================================
Received Import Request.
  Time since last request: 0.000021 seconds.
  path: Assets/SourceFiles/VFX/SnowMaterial.mat
  artifactKey: Guid(d07cdf1c272e84097bf873a5ace40f5d) Importer(2089858483,b0f066a214c2f5e87bad3c948f4d605d)
Start importing Assets/SourceFiles/VFX/SnowMaterial.mat using Guid(d07cdf1c272e84097bf873a5ace40f5d) Importer(2089858483,b0f066a214c2f5e87bad3c948f4d605d) (ScriptedImporter) -> (artifact id: 'a2de7d4a7ecd3df544b664f14c1f2dca') in 0.039152 seconds
Number of updated asset objects reloaded before import = 0Number of asset objects unloaded after import = 2

========================================================================
Received Import Request.
  Time since last request: 0.000025 seconds.
  path: Assets/Materials/Material_WhiteGrid.mat
  artifactKey: Guid(dbf898c9f9c4a2d46aa6336e23caeb61) Importer(2089858483,b0f066a214c2f5e87bad3c948f4d605d)
Start importing Assets/Materials/Material_WhiteGrid.mat using Guid(dbf898c9f9c4a2d46aa6336e23caeb61) Importer(2089858483,b0f066a214c2f5e87bad3c948f4d605d) (ScriptedImporter) -> (artifact id: 'd5289fb22ce25c7903f04deb913dbffe') in 0.028298 seconds
Number of updated asset objects reloaded before import = 0Number of asset objects unloaded after import = 4

========================================================================
Received Import Request.
  Time since last request: 0.000016 seconds.
  path: Assets/Materials/Material_Simple_Pink.mat
  artifactKey: Guid(e1f120a5df9b62245b0ad514d8715562) Importer(2089858483,b0f066a214c2f5e87bad3c948f4d605d)
Start importing Assets/Materials/Material_Simple_Pink.mat using Guid(e1f120a5df9b62245b0ad514d8715562) Importer(2089858483,b0f066a214c2f5e87bad3c948f4d605d) (ScriptedImporter) -> (artifact id: '7d84f49d82cb85433a33219aa3e0b933') in 0.0174269 seconds
Number of updated asset objects reloaded before import = 0Number of asset objects unloaded after import = 1

========================================================================
Received Import Request.
  Time since last request: 0.000014 seconds.
  path: Assets/Prefabs/Wall_Light_Right.prefab
  artifactKey: Guid(7c720486872c9429eafbb5d88f57e108) Importer(2089858483,b0f066a214c2f5e87bad3c948f4d605d)
Start importing Assets/Prefabs/Wall_Light_Right.prefab using Guid(7c720486872c9429eafbb5d88f57e108) Importer(2089858483,b0f066a214c2f5e87bad3c948f4d605d) (ScriptedImporter) -> (artifact id: '437243355263eb656f7e885ceafae401') in 0.0398888 seconds
Number of updated asset objects reloaded before import = 0Number of asset objects unloaded after import = 13

========================================================================
Received Import Request.
  Time since last request: 0.000020 seconds.
  path: Assets/Materials/Material_GrassFlowers.mat
  artifactKey: Guid(caceef3c520df584b8d507610f9c2b87) Importer(2089858483,b0f066a214c2f5e87bad3c948f4d605d)
Start importing Assets/Materials/Material_GrassFlowers.mat using Guid(caceef3c520df584b8d507610f9c2b87) Importer(2089858483,b0f066a214c2f5e87bad3c948f4d605d) (ScriptedImporter) -> (artifact id: '8f210d052e7bf3b532daad7d335cea07') in 0.0361931 seconds
Number of updated asset objects reloaded before import = 0Number of asset objects unloaded after import = 4

========================================================================
Received Import Request.
  Time since last request: 0.000025 seconds.
  path: Assets/Materials/Material_Stars.mat
  artifactKey: Guid(5fb82bfb57d6add4d9ba1a4ab83f6f8a) Importer(2089858483,b0f066a214c2f5e87bad3c948f4d605d)
Start importing Assets/Materials/Material_Stars.mat using Guid(5fb82bfb57d6add4d9ba1a4ab83f6f8a) Importer(2089858483,b0f066a214c2f5e87bad3c948f4d605d) (ScriptedImporter) -> (artifact id: '319f4ff72a51b22f6b47303110f68ab7') in 0.0433766 seconds
Number of updated asset objects reloaded before import = 0Number of asset objects unloaded after import = 3

========================================================================
Received Import Request.
  Time since last request: 0.000015 seconds.
  path: Assets/Tutorials/get-started-with-unity.asset
  artifactKey: Guid(14f92ac341ec20e408eb154585c5f98c) Importer(2089858483,b0f066a214c2f5e87bad3c948f4d605d)
Start importing Assets/Tutorials/get-started-with-unity.asset using Guid(14f92ac341ec20e408eb154585c5f98c) Importer(2089858483,b0f066a214c2f5e87bad3c948f4d605d) (ScriptedImporter) -> (artifact id: 'e30113ecc1488e6c7505f7078a144cde') in 0.3367426 seconds
Number of updated asset objects reloaded before import = 0Number of asset objects unloaded after import = 96

========================================================================
Received Import Request.
  Time since last request: 0.000026 seconds.
  path: Assets/Materials/Material_Simple_Orange.mat
  artifactKey: Guid(41ae4b6555598b745b0c6b526ff7bd9e) Importer(2089858483,b0f066a214c2f5e87bad3c948f4d605d)
Start importing Assets/Materials/Material_Simple_Orange.mat using Guid(41ae4b6555598b745b0c6b526ff7bd9e) Importer(2089858483,b0f066a214c2f5e87bad3c948f4d605d) (ScriptedImporter) -> (artifact id: '66263c5ee0d5555c2da4ba3c9b83202b') in 0.0163336 seconds
Number of updated asset objects reloaded before import = 0Number of asset objects unloaded after import = 1

========================================================================
Received Import Request.
  Time since last request: 0.000032 seconds.
  path: Assets/SourceFiles/VFX/GlowMaterial.mat
  artifactKey: Guid(aa247a0123f2c2c47a2f55d9632b5d18) Importer(2089858483,b0f066a214c2f5e87bad3c948f4d605d)
Start importing Assets/SourceFiles/VFX/GlowMaterial.mat using Guid(aa247a0123f2c2c47a2f55d9632b5d18) Importer(2089858483,b0f066a214c2f5e87bad3c948f4d605d) (ScriptedImporter) -> (artifact id: '24ba08c4f7334cd4dc80e0d73a83401a') in 0.0396155 seconds
Number of updated asset objects reloaded before import = 0Number of asset objects unloaded after import = 2

========================================================================
Received Import Request.
  Time since last request: 0.000017 seconds.
  path: Assets/TextMesh Pro/Shaders/TMP_SDF-Surface.shader
  artifactKey: Guid(f7ada0af4f174f0694ca6a487b8f543d) Importer(2089858483,b0f066a214c2f5e87bad3c948f4d605d)
Start importing Assets/TextMesh Pro/Shaders/TMP_SDF-Surface.shader using Guid(f7ada0af4f174f0694ca6a487b8f543d) Importer(2089858483,b0f066a214c2f5e87bad3c948f4d605d) (ScriptedImporter) -> (artifact id: '6e6d46214a2485ccbed12a62b9e067bd') in 0.0199608 seconds
Number of updated asset objects reloaded before import = 0Number of asset objects unloaded after import = 1

========================================================================
Received Import Request.
  Time since last request: 0.000016 seconds.
  path: Assets/SourceFiles/SoundFX/Music_Suspenseful.ogg
  artifactKey: Guid(2e82ca7b47ede46d486139d8d9c9059d) Importer(2089858483,b0f066a214c2f5e87bad3c948f4d605d)
Start importing Assets/SourceFiles/SoundFX/Music_Suspenseful.ogg using Guid(2e82ca7b47ede46d486139d8d9c9059d) Importer(2089858483,b0f066a214c2f5e87bad3c948f4d605d) (ScriptedImporter) -> (artifact id: '5a1b69e8806433855db10118da0a1eb4') in 0.0444493 seconds
Number of updated asset objects reloaded before import = 0Number of asset objects unloaded after import = 1

========================================================================
Received Import Request.
  Time since last request: 0.000026 seconds.
  path: Assets/SourceFiles/VFX/RaindropMaterial.mat
  artifactKey: Guid(5484ed28ab21a4fd3a0c3675fb02645d) Importer(2089858483,b0f066a214c2f5e87bad3c948f4d605d)
Start importing Assets/SourceFiles/VFX/RaindropMaterial.mat using Guid(5484ed28ab21a4fd3a0c3675fb02645d) Importer(2089858483,b0f066a214c2f5e87bad3c948f4d605d) (ScriptedImporter) -> (artifact id: '245fe8d783bef0ed821b9a84c7f54879') in 0.0289186 seconds
Number of updated asset objects reloaded before import = 0Number of asset objects unloaded after import = 2

========================================================================
Received Import Request.
  Time since last request: 0.000025 seconds.
  path: Assets/Audio/Background_Ambient_Wind.prefab
  artifactKey: Guid(eec314210e1dc46cb9e7c22b77508353) Importer(2089858483,b0f066a214c2f5e87bad3c948f4d605d)
Start importing Assets/Audio/Background_Ambient_Wind.prefab using Guid(eec314210e1dc46cb9e7c22b77508353) Importer(2089858483,b0f066a214c2f5e87bad3c948f4d605d) (ScriptedImporter) -> (artifact id: '7ac055dfe9c36d7b177fb62dcd62f1ca') in 0.0597228 seconds
Number of updated asset objects reloaded before import = 0Number of asset objects unloaded after import = 6

========================================================================
Received Import Request.
  Time since last request: 0.000015 seconds.
  path: Assets/SourceFiles/SoundFX/SFX_PositiveSound01.ogg
  artifactKey: Guid(4a43edb6526bd476eb7d64e97bb96f1b) Importer(2089858483,b0f066a214c2f5e87bad3c948f4d605d)
Start importing Assets/SourceFiles/SoundFX/SFX_PositiveSound01.ogg using Guid(4a43edb6526bd476eb7d64e97bb96f1b) Importer(2089858483,b0f066a214c2f5e87bad3c948f4d605d) (ScriptedImporter) -> (artifact id: '17c8cf7444d9776592f49f3bf34af525') in 0.0487874 seconds
Number of updated asset objects reloaded before import = 0Number of asset objects unloaded after import = 1

========================================================================
Received Import Request.
  Time since last request: 0.000022 seconds.
  path: Assets/TextMesh Pro/Shaders/TMP_SDF.shader
  artifactKey: Guid(68e6db2ebdc24f95958faec2be5558d6) Importer(2089858483,b0f066a214c2f5e87bad3c948f4d605d)
Start importing Assets/TextMesh Pro/Shaders/TMP_SDF.shader using Guid(68e6db2ebdc24f95958faec2be5558d6) Importer(2089858483,b0f066a214c2f5e87bad3c948f4d605d) (ScriptedImporter) -> (artifact id: '2277e88403369d9ded898bdfb8d00b9f') in 0.0179163 seconds
Number of updated asset objects reloaded before import = 0Number of asset objects unloaded after import = 2

========================================================================
Received Import Request.
  Time since last request: 0.000027 seconds.
  path: Assets/Tutorials/Media/0.0 Welcome-dialogue.png
  artifactKey: Guid(f87e1ca320bc7470596349b4ab14e5c3) Importer(2089858483,b0f066a214c2f5e87bad3c948f4d605d)
Start importing Assets/Tutorials/Media/0.0 Welcome-dialogue.png using Guid(f87e1ca320bc7470596349b4ab14e5c3) Importer(2089858483,b0f066a214c2f5e87bad3c948f4d605d) (ScriptedImporter) -> (artifact id: '7537e1a3fae136d9ffb121e1499a758d') in 0.0554526 seconds
Number of updated asset objects reloaded before import = 0Number of asset objects unloaded after import = 1

========================================================================
Received Import Request.
  Time since last request: 0.000020 seconds.
  path: Assets/TextMesh Pro/Shaders/TMPro_Properties.cginc
  artifactKey: Guid(3997e2241185407d80309a82f9148466) Importer(2089858483,b0f066a214c2f5e87bad3c948f4d605d)
Start importing Assets/TextMesh Pro/Shaders/TMPro_Properties.cginc using Guid(3997e2241185407d80309a82f9148466) Importer(2089858483,b0f066a214c2f5e87bad3c948f4d605d) (ScriptedImporter) -> (artifact id: '387624f3087981c6226439175618c75b') in 0.0228969 seconds
Number of updated asset objects reloaded before import = 0Number of asset objects unloaded after import = 1

========================================================================
Received Import Request.
  Time since last request: 0.000018 seconds.
  path: Assets/Materials/Material_Grass.mat
  artifactKey: Guid(3f67efe581643214ea62e132b9a1ab3f) Importer(2089858483,b0f066a214c2f5e87bad3c948f4d605d)
Start importing Assets/Materials/Material_Grass.mat using Guid(3f67efe581643214ea62e132b9a1ab3f) Importer(2089858483,b0f066a214c2f5e87bad3c948f4d605d) (ScriptedImporter) -> (artifact id: '0caf0bb99e113d2ae010259a77ebb6a3') in 0.0365336 seconds
Number of updated asset objects reloaded before import = 0Number of asset objects unloaded after import = 3

========================================================================
Received Import Request.
  Time since last request: 0.000028 seconds.
  path: Assets/Skyboxes/SkyNight.mat
  artifactKey: Guid(06b582502761fcf4b88cba8dd8ab9a58) Importer(2089858483,b0f066a214c2f5e87bad3c948f4d605d)
Start importing Assets/Skyboxes/SkyNight.mat using Guid(06b582502761fcf4b88cba8dd8ab9a58) Importer(2089858483,b0f066a214c2f5e87bad3c948f4d605d) (ScriptedImporter) -> (artifact id: '5da7e35deb00e256e66ef0c968316767') in 0.0683746 seconds
Number of updated asset objects reloaded before import = 0Number of asset objects unloaded after import = 2

========================================================================
Received Import Request.
  Time since last request: 0.000029 seconds.
  path: Assets/Tutorials/Media/1.2 Video Demo.webm
  artifactKey: Guid(c760d48b95377554f957e17ed269d9e8) Importer(2089858483,b0f066a214c2f5e87bad3c948f4d605d)
Start importing Assets/Tutorials/Media/1.2 Video Demo.webm using Guid(c760d48b95377554f957e17ed269d9e8) Importer(2089858483,b0f066a214c2f5e87bad3c948f4d605d) (ScriptedImporter) -> (artifact id: '5612fb2263f13003d6d4e525a7e8ba27') in 0.0180504 seconds
Number of updated asset objects reloaded before import = 0Number of asset objects unloaded after import = 1

========================================================================
Received Import Request.
  Time since last request: 0.000017 seconds.
  path: Assets/Tutorials/Media/1.11 The Uniy interface.png
  artifactKey: Guid(52d752b311f5c4cba9ab6e8def8dc17d) Importer(2089858483,b0f066a214c2f5e87bad3c948f4d605d)
Start importing Assets/Tutorials/Media/1.11 The Uniy interface.png using Guid(52d752b311f5c4cba9ab6e8def8dc17d) Importer(2089858483,b0f066a214c2f5e87bad3c948f4d605d) (ScriptedImporter) -> (artifact id: '47890939ec6246468f4ad766ab870d06') in 0.0202812 seconds
Number of updated asset objects reloaded before import = 0Number of asset objects unloaded after import = 1

========================================================================
Received Import Request.
  Time since last request: 0.000024 seconds.
  path: Assets/TextMesh Pro/Shaders/TMP_SDF-URP Lit.shadergraph
  artifactKey: Guid(a3d800b099a06e0478fb790c5e79057a) Importer(2089858483,b0f066a214c2f5e87bad3c948f4d605d)
Start importing Assets/TextMesh Pro/Shaders/TMP_SDF-URP Lit.shadergraph using Guid(a3d800b099a06e0478fb790c5e79057a) Importer(2089858483,b0f066a214c2f5e87bad3c948f4d605d) (ScriptedImporter) -> (artifact id: '65c5441572d9aa88bd2a99d219633b78') in 0.0617438 seconds
Number of updated asset objects reloaded before import = 0Number of asset objects unloaded after import = 5

========================================================================
Received Import Request.
  Time since last request: 0.000015 seconds.
  path: Assets/Prefabs/PlayerRobot.prefab
  artifactKey: Guid(332df604d1fc7fd46ae4013ce9b4a5d6) Importer(2089858483,b0f066a214c2f5e87bad3c948f4d605d)
Start importing Assets/Prefabs/PlayerRobot.prefab using Guid(332df604d1fc7fd46ae4013ce9b4a5d6) Importer(2089858483,b0f066a214c2f5e87bad3c948f4d605d) (ScriptedImporter) -> (artifact id: '02938f3cdaa5c7a6d10a34bf6a8aaa11') in 0.2903222 seconds
Number of updated asset objects reloaded before import = 0Number of asset objects unloaded after import = 304

========================================================================
Received Import Request.
  Time since last request: 0.000021 seconds.
  path: Assets/Tutorials/Media/1.5 The Hierarchy.png
  artifactKey: Guid(d3b7a8436605f44ae99a81fc9816951a) Importer(2089858483,b0f066a214c2f5e87bad3c948f4d605d)
Start importing Assets/Tutorials/Media/1.5 The Hierarchy.png using Guid(d3b7a8436605f44ae99a81fc9816951a) Importer(2089858483,b0f066a214c2f5e87bad3c948f4d605d) (ScriptedImporter) -> (artifact id: '8e582843c7cc174bda6e79940634298a') in 0.0229964 seconds
Number of updated asset objects reloaded before import = 0Number of asset objects unloaded after import = 1

========================================================================
Received Import Request.
  Time since last request: 0.000024 seconds.
  path: Assets/Tutorials/Media/1.6 The Inspector window.png
  artifactKey: Guid(c6e6a19aa19334657a586090866cbcf6) Importer(2089858483,b0f066a214c2f5e87bad3c948f4d605d)
Start importing Assets/Tutorials/Media/1.6 The Inspector window.png using Guid(c6e6a19aa19334657a586090866cbcf6) Importer(2089858483,b0f066a214c2f5e87bad3c948f4d605d) (ScriptedImporter) -> (artifact id: '5e533453e64d717f154d686f26c6ee00') in 0.0191379 seconds
Number of updated asset objects reloaded before import = 0Number of asset objects unloaded after import = 1

========================================================================
Received Import Request.
  Time since last request: 0.000015 seconds.
  path: Assets/SourceFiles/Fonts/Inter-Variable.ttf
  artifactKey: Guid(990048e0a3cb7674d92aa9670783d789) Importer(2089858483,b0f066a214c2f5e87bad3c948f4d605d)
Start importing Assets/SourceFiles/Fonts/Inter-Variable.ttf using Guid(990048e0a3cb7674d92aa9670783d789) Importer(2089858483,b0f066a214c2f5e87bad3c948f4d605d) (ScriptedImporter) -> (artifact id: '7e039a882a7f0ad86bdec1d785e50256') in 0.0194663 seconds
Number of updated asset objects reloaded before import = 0Number of asset objects unloaded after import = 3

========================================================================
Received Import Request.
  Time since last request: 0.000015 seconds.
  path: Assets/Tutorials/Media/1.8 Reposition the robot.png
  artifactKey: Guid(c699674b3a47d4353a8b5e90c4ffd5af) Importer(2089858483,b0f066a214c2f5e87bad3c948f4d605d)
Start importing Assets/Tutorials/Media/1.8 Reposition the robot.png using Guid(c699674b3a47d4353a8b5e90c4ffd5af) Importer(2089858483,b0f066a214c2f5e87bad3c948f4d605d) (ScriptedImporter) -> (artifact id: 'd87c315efb0906db39d7767c8df7b459') in 0.0190001 seconds
Number of updated asset objects reloaded before import = 0Number of asset objects unloaded after import = 1

========================================================================
Received Import Request.
  Time since last request: 0.000018 seconds.
  path: Assets/Tutorials/Media/1.7 Add A Player Character.webm
  artifactKey: Guid(05db773639e967c4f9c6bd0257cea43f) Importer(2089858483,b0f066a214c2f5e87bad3c948f4d605d)
Start importing Assets/Tutorials/Media/1.7 Add A Player Character.webm using Guid(05db773639e967c4f9c6bd0257cea43f) Importer(2089858483,b0f066a214c2f5e87bad3c948f4d605d) (ScriptedImporter) -> (artifact id: 'e27d1687be6d4be0b0ad690427feeb6b') in 0.0145385 seconds
Number of updated asset objects reloaded before import = 0Number of asset objects unloaded after import = 1

========================================================================
Received Import Request.
  Time since last request: 0.000025 seconds.
  path: Assets/TextMesh Pro/Shaders/TMP_SDF-Mobile Overlay.shader
  artifactKey: Guid(a02a7d8c237544f1962732b55a9aebf1) Importer(2089858483,b0f066a214c2f5e87bad3c948f4d605d)
Start importing Assets/TextMesh Pro/Shaders/TMP_SDF-Mobile Overlay.shader using Guid(a02a7d8c237544f1962732b55a9aebf1) Importer(2089858483,b0f066a214c2f5e87bad3c948f4d605d) (ScriptedImporter) -> (artifact id: 'b456b697932a077239d933783611983d') in 0.0136873 seconds
Number of updated asset objects reloaded before import = 0Number of asset objects unloaded after import = 1

========================================================================
Received Import Request.
  Time since last request: 0.000016 seconds.
  path: Assets/Tutorials/Media/0.1 Tutorial-header.png
  artifactKey: Guid(e13f56ce5319d4e8fb86d941d9a37c8d) Importer(2089858483,b0f066a214c2f5e87bad3c948f4d605d)
Start importing Assets/Tutorials/Media/0.1 Tutorial-header.png using Guid(e13f56ce5319d4e8fb86d941d9a37c8d) Importer(2089858483,b0f066a214c2f5e87bad3c948f4d605d) (ScriptedImporter) -> (artifact id: '941d9e78db88c8685e175bace7db9079') in 0.0179524 seconds
Number of updated asset objects reloaded before import = 0Number of asset objects unloaded after import = 1

========================================================================
Received Import Request.
  Time since last request: 0.000016 seconds.
  path: Assets/TextMesh Pro/Shaders/TMP_Bitmap-Custom-Atlas.shader
  artifactKey: Guid(48bb5f55d8670e349b6e614913f9d910) Importer(2089858483,b0f066a214c2f5e87bad3c948f4d605d)
Start importing Assets/TextMesh Pro/Shaders/TMP_Bitmap-Custom-Atlas.shader using Guid(48bb5f55d8670e349b6e614913f9d910) Importer(2089858483,b0f066a214c2f5e87bad3c948f4d605d) (ScriptedImporter) -> (artifact id: 'f6da2372256f816388d59a29eacb69d9') in 0.0147962 seconds
Number of updated asset objects reloaded before import = 0Number of asset objects unloaded after import = 1

========================================================================
Received Import Request.
  Time since last request: 0.000018 seconds.
  path: Assets/Materials/Material_Candy.mat
  artifactKey: Guid(b9e7e189566fcfa4a81768b566965c04) Importer(2089858483,b0f066a214c2f5e87bad3c948f4d605d)
Start importing Assets/Materials/Material_Candy.mat using Guid(b9e7e189566fcfa4a81768b566965c04) Importer(2089858483,b0f066a214c2f5e87bad3c948f4d605d) (ScriptedImporter) -> (artifact id: '95e2c70300398fe2aee7b918ba42a1b5') in 0.0528025 seconds
Number of updated asset objects reloaded before import = 0Number of asset objects unloaded after import = 4

========================================================================
Received Import Request.
  Time since last request: 0.000027 seconds.
  path: Assets/Tutorials/Media/2.11 Turn A Cube Into Bridge.webm
  artifactKey: Guid(00313d13dfa6c3f4791a7d65e845ae54) Importer(2089858483,b0f066a214c2f5e87bad3c948f4d605d)
Start importing Assets/Tutorials/Media/2.11 Turn A Cube Into Bridge.webm using Guid(00313d13dfa6c3f4791a7d65e845ae54) Importer(2089858483,b0f066a214c2f5e87bad3c948f4d605d) (ScriptedImporter) -> (artifact id: 'a4c4e414b8da9e6cf01a595872816917') in 0.0203996 seconds
Number of updated asset objects reloaded before import = 0Number of asset objects unloaded after import = 1

========================================================================
Received Import Request.
  Time since last request: 0.000017 seconds.
  path: Assets/SourceFiles/Models/Star.FBX
  artifactKey: Guid(1710fbf00619c474b92da634e36cd0bb) Importer(2089858483,b0f066a214c2f5e87bad3c948f4d605d)
Start importing Assets/SourceFiles/Models/Star.FBX using Guid(1710fbf00619c474b92da634e36cd0bb) Importer(2089858483,b0f066a214c2f5e87bad3c948f4d605d) (ScriptedImporter) -> (artifact id: 'f968d9ac1054df801d6cebad57cf86f5') in 0.0600949 seconds
Number of updated asset objects reloaded before import = 0Number of asset objects unloaded after import = 7

========================================================================
Received Import Request.
  Time since last request: 0.000018 seconds.
  path: Assets/Prefabs/Collectible_Star.prefab
  artifactKey: Guid(0188d362571e34eb3a9af2feb73521cf) Importer(2089858483,b0f066a214c2f5e87bad3c948f4d605d)
Start importing Assets/Prefabs/Collectible_Star.prefab using Guid(0188d362571e34eb3a9af2feb73521cf) Importer(2089858483,b0f066a214c2f5e87bad3c948f4d605d) (ScriptedImporter) -> (artifact id: '5bd10991051453fd4794457bac4d48ac') in 0.0445767 seconds
Number of updated asset objects reloaded before import = 0Number of asset objects unloaded after import = 17

========================================================================
Received Import Request.
  Time since last request: 0.000026 seconds.
  path: Assets/Materials/Material_SandLumpy.mat
  artifactKey: Guid(77106f08652b99b4b9250f3d3b25a8dc) Importer(2089858483,b0f066a214c2f5e87bad3c948f4d605d)
Start importing Assets/Materials/Material_SandLumpy.mat using Guid(77106f08652b99b4b9250f3d3b25a8dc) Importer(2089858483,b0f066a214c2f5e87bad3c948f4d605d) (ScriptedImporter) -> (artifact id: '929247d3535549b157ccac1e75c6391e') in 0.0438151 seconds
Number of updated asset objects reloaded before import = 0Number of asset objects unloaded after import = 3

========================================================================
Received Import Request.
  Time since last request: 0.000018 seconds.
  path: Assets/TextMesh Pro/Shaders/TMPro_Surface.cginc
  artifactKey: Guid(d930090c0cd643c7b55f19a38538c162) Importer(2089858483,b0f066a214c2f5e87bad3c948f4d605d)
Start importing Assets/TextMesh Pro/Shaders/TMPro_Surface.cginc using Guid(d930090c0cd643c7b55f19a38538c162) Importer(2089858483,b0f066a214c2f5e87bad3c948f4d605d) (ScriptedImporter) -> (artifact id: '0571470bdbcceef59024f5ef9d91053e') in 0.0234117 seconds
Number of updated asset objects reloaded before import = 0Number of asset objects unloaded after import = 1

========================================================================
Received Import Request.
  Time since last request: 0.000025 seconds.
  path: Assets/Tutorials/Media/2.5 Get Closer To The Orange Boxes.webm
  artifactKey: Guid(2fb9a9347b87cbd47b1543a0e4ae8c9c) Importer(2089858483,b0f066a214c2f5e87bad3c948f4d605d)
Start importing Assets/Tutorials/Media/2.5 Get Closer To The Orange Boxes.webm using Guid(2fb9a9347b87cbd47b1543a0e4ae8c9c) Importer(2089858483,b0f066a214c2f5e87bad3c948f4d605d) (ScriptedImporter) -> (artifact id: 'aacd057e4601e0f62baee32291ca5e64') in 0.0129093 seconds
Number of updated asset objects reloaded before import = 0Number of asset objects unloaded after import = 1

========================================================================
Received Import Request.
  Time since last request: 0.000015 seconds.
  path: Assets/Tutorials/Media/2.8 Add Stairs.webm
  artifactKey: Guid(1b7fecb6c85b37d4899291a21cb5f7d5) Importer(2089858483,b0f066a214c2f5e87bad3c948f4d605d)
Start importing Assets/Tutorials/Media/2.8 Add Stairs.webm using Guid(1b7fecb6c85b37d4899291a21cb5f7d5) Importer(2089858483,b0f066a214c2f5e87bad3c948f4d605d) (ScriptedImporter) -> (artifact id: '542fed86cb0a3d393059a33b1deef149') in 0.0160432 seconds
Number of updated asset objects reloaded before import = 0Number of asset objects unloaded after import = 1

========================================================================
Received Import Request.
  Time since last request: 0.000015 seconds.
  path: Assets/SourceFiles/Scripts/ThirdPersonController.cs
  artifactKey: Guid(26e54e5a728a9234ab24fcf1460ed8a2) Importer(2089858483,b0f066a214c2f5e87bad3c948f4d605d)
Start importing Assets/SourceFiles/Scripts/ThirdPersonController.cs using Guid(26e54e5a728a9234ab24fcf1460ed8a2) Importer(2089858483,b0f066a214c2f5e87bad3c948f4d605d) (ScriptedImporter) -> (artifact id: '85e5aa22f70c33b9f0733621faa2bd49') in 0.0135825 seconds
Number of updated asset objects reloaded before import = 0Number of asset objects unloaded after import = 0

========================================================================
Received Import Request.
  Time since last request: 0.000021 seconds.
  path: Assets/Tutorials/Media/2.10 Add Primitive.webm
  artifactKey: Guid(d4c7825f613903e469beb1e0a0f23109) Importer(2089858483,b0f066a214c2f5e87bad3c948f4d605d)
Start importing Assets/Tutorials/Media/2.10 Add Primitive.webm using Guid(d4c7825f613903e469beb1e0a0f23109) Importer(2089858483,b0f066a214c2f5e87bad3c948f4d605d) (ScriptedImporter) -> (artifact id: '1f115d5637fc7ddf26a9357976b0dbb8') in 0.0151033 seconds
Number of updated asset objects reloaded before import = 0Number of asset objects unloaded after import = 1

========================================================================
Received Import Request.
  Time since last request: 0.000025 seconds.
  path: Assets/SourceFiles/Scripts/Pickup.cs
  artifactKey: Guid(55fcea8a4058c4d1aa6ca8fea4168f51) Importer(2089858483,b0f066a214c2f5e87bad3c948f4d605d)
Start importing Assets/SourceFiles/Scripts/Pickup.cs using Guid(55fcea8a4058c4d1aa6ca8fea4168f51) Importer(2089858483,b0f066a214c2f5e87bad3c948f4d605d) (ScriptedImporter) -> (artifact id: '301489d4f5dd839ff0d1c8a00c5def61') in 0.0147747 seconds
Number of updated asset objects reloaded before import = 0Number of asset objects unloaded after import = 0

========================================================================
Received Import Request.
  Time since last request: 0.000015 seconds.
  path: Assets/Tutorials/Media/3.0 Explore the poss.png
  artifactKey: Guid(86604a2b385284048a01461be0f59d62) Importer(2089858483,b0f066a214c2f5e87bad3c948f4d605d)
Start importing Assets/Tutorials/Media/3.0 Explore the poss.png using Guid(86604a2b385284048a01461be0f59d62) Importer(2089858483,b0f066a214c2f5e87bad3c948f4d605d) (ScriptedImporter) -> (artifact id: 'a2666c50f6bbaebf6d8949661bde3ca2') in 0.0356008 seconds
Number of updated asset objects reloaded before import = 0Number of asset objects unloaded after import = 3

========================================================================
Received Import Request.
  Time since last request: 0.000016 seconds.
  path: Assets/TextMesh Pro/Resources/LineBreaking Leading Characters.txt
  artifactKey: Guid(d82c1b31c7e74239bff1220585707d2b) Importer(2089858483,b0f066a214c2f5e87bad3c948f4d605d)
Start importing Assets/TextMesh Pro/Resources/LineBreaking Leading Characters.txt using Guid(d82c1b31c7e74239bff1220585707d2b) Importer(2089858483,b0f066a214c2f5e87bad3c948f4d605d) (ScriptedImporter) -> (artifact id: 'd0e0a24c39a0ca744b2032ec52e8d53b') in 0.012002 seconds
Number of updated asset objects reloaded before import = 0Number of asset objects unloaded after import = 1

========================================================================
Received Import Request.
  Time since last request: 0.000028 seconds.
  path: Assets/TextMesh Pro/Shaders/TMPro_Mobile.cginc
  artifactKey: Guid(c334973cef89a9840b0b0c507e0377ab) Importer(2089858483,b0f066a214c2f5e87bad3c948f4d605d)
Start importing Assets/TextMesh Pro/Shaders/TMPro_Mobile.cginc using Guid(c334973cef89a9840b0b0c507e0377ab) Importer(2089858483,b0f066a214c2f5e87bad3c948f4d605d) (ScriptedImporter) -> (artifact id: '8b3fcbcefd49a665c206597e352e9a46') in 0.0201689 seconds
Number of updated asset objects reloaded before import = 0Number of asset objects unloaded after import = 1

========================================================================
Received Import Request.
  Time since last request: 0.000024 seconds.
  path: Assets/Materials/Material_Simple_AquaMarine.mat
  artifactKey: Guid(403765d6f3c2b69458ee09b4023cc85d) Importer(2089858483,b0f066a214c2f5e87bad3c948f4d605d)
Start importing Assets/Materials/Material_Simple_AquaMarine.mat using Guid(403765d6f3c2b69458ee09b4023cc85d) Importer(2089858483,b0f066a214c2f5e87bad3c948f4d605d) (ScriptedImporter) -> (artifact id: '49de52e40669e163858091f358ee4e28') in 0.0238466 seconds
Number of updated asset objects reloaded before import = 0Number of asset objects unloaded after import = 1

========================================================================
Received Import Request.
  Time since last request: 0.000016 seconds.
  path: Assets/Tutorials/Media/2.1 The 3D fundamentals.png
  artifactKey: Guid(99a6f80334b4242e98f9f0602fc9c90a) Importer(2089858483,b0f066a214c2f5e87bad3c948f4d605d)
Start importing Assets/Tutorials/Media/2.1 The 3D fundamentals.png using Guid(99a6f80334b4242e98f9f0602fc9c90a) Importer(2089858483,b0f066a214c2f5e87bad3c948f4d605d) (ScriptedImporter) -> (artifact id: 'a4b72c497494b1455608d526405dd42d') in 0.0310725 seconds
Number of updated asset objects reloaded before import = 0Number of asset objects unloaded after import = 1

========================================================================
Received Import Request.
  Time since last request: 0.000014 seconds.
  path: Assets/Tutorials/Media/3.2 Animation.png
  artifactKey: Guid(f4083ed73845543f9ae16a30d06ffa1c) Importer(2089858483,b0f066a214c2f5e87bad3c948f4d605d)
Start importing Assets/Tutorials/Media/3.2 Animation.png using Guid(f4083ed73845543f9ae16a30d06ffa1c) Importer(2089858483,b0f066a214c2f5e87bad3c948f4d605d) (ScriptedImporter) -> (artifact id: '07caaaf6a45f2ac7179fd61d5869e03f') in 0.021259 seconds
Number of updated asset objects reloaded before import = 0Number of asset objects unloaded after import = 1

========================================================================
Received Import Request.
  Time since last request: 0.000018 seconds.
  path: Assets/Tutorials/Media/3.4 Lighting.png
  artifactKey: Guid(936edc3cb64b6467b8f80ba720661c69) Importer(2089858483,b0f066a214c2f5e87bad3c948f4d605d)
Start importing Assets/Tutorials/Media/3.4 Lighting.png using Guid(936edc3cb64b6467b8f80ba720661c69) Importer(2089858483,b0f066a214c2f5e87bad3c948f4d605d) (ScriptedImporter) -> (artifact id: '0f536712ad77071fd74a0c99fd140896') in 0.0242544 seconds
Number of updated asset objects reloaded before import = 0Number of asset objects unloaded after import = 1

========================================================================
Received Import Request.
  Time since last request: 0.000024 seconds.
  path: Assets/SourceFiles/VFX/SnowTexture.png
  artifactKey: Guid(2a202276abba34cf29113e61ad1389e4) Importer(2089858483,b0f066a214c2f5e87bad3c948f4d605d)
Start importing Assets/SourceFiles/VFX/SnowTexture.png using Guid(2a202276abba34cf29113e61ad1389e4) Importer(2089858483,b0f066a214c2f5e87bad3c948f4d605d) (ScriptedImporter) -> (artifact id: '477d741fb3d118c780867b81a418638b') in 0.0167843 seconds
Number of updated asset objects reloaded before import = 0Number of asset objects unloaded after import = 1

========================================================================
Received Import Request.
  Time since last request: 0.000022 seconds.
  path: Assets/Materials/Material_Simple_Green.mat
  artifactKey: Guid(52bc4fd1a5f5286489250022bbe3cda8) Importer(2089858483,b0f066a214c2f5e87bad3c948f4d605d)
Start importing Assets/Materials/Material_Simple_Green.mat using Guid(52bc4fd1a5f5286489250022bbe3cda8) Importer(2089858483,b0f066a214c2f5e87bad3c948f4d605d) (ScriptedImporter) -> (artifact id: '48abac5a0df47e8e95b548187be1d07d') in 0.0156947 seconds
Number of updated asset objects reloaded before import = 0Number of asset objects unloaded after import = 1

========================================================================
Received Import Request.
  Time since last request: 0.000015 seconds.
  path: Assets/SourceFiles/Scripts/RespawnPlayer.cs
  artifactKey: Guid(0406f8ea9ab1b4647b7fb3b65a763f94) Importer(2089858483,b0f066a214c2f5e87bad3c948f4d605d)
Start importing Assets/SourceFiles/Scripts/RespawnPlayer.cs using Guid(0406f8ea9ab1b4647b7fb3b65a763f94) Importer(2089858483,b0f066a214c2f5e87bad3c948f4d605d) (ScriptedImporter) -> (artifact id: 'e5d9335445780a6cd92bd22063626e84') in 0.0125338 seconds
Number of updated asset objects reloaded before import = 0Number of asset objects unloaded after import = 0

========================================================================
Received Import Request.
  Time since last request: 0.000018 seconds.
  path: Assets/TextMesh Pro/Shaders/TMP_SDF-Mobile.shader
  artifactKey: Guid(fe393ace9b354375a9cb14cdbbc28be4) Importer(2089858483,b0f066a214c2f5e87bad3c948f4d605d)
Start importing Assets/TextMesh Pro/Shaders/TMP_SDF-Mobile.shader using Guid(fe393ace9b354375a9cb14cdbbc28be4) Importer(2089858483,b0f066a214c2f5e87bad3c948f4d605d) (ScriptedImporter) -> (artifact id: '938bc3aeff59a163ab156b85d10d8727') in 0.0143191 seconds
Number of updated asset objects reloaded before import = 0Number of asset objects unloaded after import = 1

========================================================================
Received Import Request.
  Time since last request: 0.000024 seconds.
  path: Assets/VFX/VFX_Rain.prefab
  artifactKey: Guid(9483f71acb66e4a238c43f546dc9f795) Importer(2089858483,b0f066a214c2f5e87bad3c948f4d605d)
Start importing Assets/VFX/VFX_Rain.prefab using Guid(9483f71acb66e4a238c43f546dc9f795) Importer(2089858483,b0f066a214c2f5e87bad3c948f4d605d) (ScriptedImporter) -> (artifact id: '66dd8129ea251efef0f7427728051077') in 0.1146206 seconds
Number of updated asset objects reloaded before import = 0Number of asset objects unloaded after import = 6

========================================================================
Received Import Request.
  Time since last request: 0.000015 seconds.
  path: Assets/Tutorials/Media/3.5 Add Some Lights.webm
  artifactKey: Guid(e7ea45c29f383864db4faa04ed5f209f) Importer(2089858483,b0f066a214c2f5e87bad3c948f4d605d)
Start importing Assets/Tutorials/Media/3.5 Add Some Lights.webm using Guid(e7ea45c29f383864db4faa04ed5f209f) Importer(2089858483,b0f066a214c2f5e87bad3c948f4d605d) (ScriptedImporter) -> (artifact id: '4776a8b656486ff4c3ae8dd6d7a0eeef') in 0.0259121 seconds
Number of updated asset objects reloaded before import = 0Number of asset objects unloaded after import = 1

========================================================================
Received Import Request.
  Time since last request: 0.000019 seconds.
  path: Assets/Tutorials/Media/3.8 Visual effects.png
  artifactKey: Guid(32a74016ff74d495eb20ae4a158c2df8) Importer(2089858483,b0f066a214c2f5e87bad3c948f4d605d)
Start importing Assets/Tutorials/Media/3.8 Visual effects.png using Guid(32a74016ff74d495eb20ae4a158c2df8) Importer(2089858483,b0f066a214c2f5e87bad3c948f4d605d) (ScriptedImporter) -> (artifact id: 'b469033f89d07d912b13689469e63126') in 0.0221165 seconds
Number of updated asset objects reloaded before import = 0Number of asset objects unloaded after import = 1

========================================================================
Received Import Request.
  Time since last request: 0.000033 seconds.
  path: Assets/Tutorials/Media/4.2 Switch To Web.webm
  artifactKey: Guid(486c78093502cdf4da7d6450469506dc) Importer(2089858483,b0f066a214c2f5e87bad3c948f4d605d)
Start importing Assets/Tutorials/Media/4.2 Switch To Web.webm using Guid(486c78093502cdf4da7d6450469506dc) Importer(2089858483,b0f066a214c2f5e87bad3c948f4d605d) (ScriptedImporter) -> (artifact id: '0cad52dcb99912974374df05d2e457cc') in 0.014729 seconds
Number of updated asset objects reloaded before import = 0Number of asset objects unloaded after import = 1

========================================================================
Received Import Request.
  Time since last request: 0.000014 seconds.
  path: Assets/Tutorials/Media/2.6 Select the Move tool.png
  artifactKey: Guid(eaa2575294b0844f99781207cf1129af) Importer(2089858483,b0f066a214c2f5e87bad3c948f4d605d)
Start importing Assets/Tutorials/Media/2.6 Select the Move tool.png using Guid(eaa2575294b0844f99781207cf1129af) Importer(2089858483,b0f066a214c2f5e87bad3c948f4d605d) (ScriptedImporter) -> (artifact id: 'ed0345d73b73adf41627c8386894c629') in 0.0205957 seconds
Number of updated asset objects reloaded before import = 0Number of asset objects unloaded after import = 1

========================================================================
Received Import Request.
  Time since last request: 0.000013 seconds.
  path: Assets/Tutorials/Media/4.3 Share your project.png
  artifactKey: Guid(323d60e7ba08b4c29aad7d451e9be777) Importer(2089858483,b0f066a214c2f5e87bad3c948f4d605d)
Start importing Assets/Tutorials/Media/4.3 Share your project.png using Guid(323d60e7ba08b4c29aad7d451e9be777) Importer(2089858483,b0f066a214c2f5e87bad3c948f4d605d) (ScriptedImporter) -> (artifact id: '65dbd5d344506773e5ff076c27ff3858') in 0.0186524 seconds
Number of updated asset objects reloaded before import = 0Number of asset objects unloaded after import = 1

========================================================================
Received Import Request.
  Time since last request: 0.000021 seconds.
  path: Assets/Materials/Material_Stripes.mat
  artifactKey: Guid(3bc9f48c2baecee4d88b6cf2f1c3538b) Importer(2089858483,b0f066a214c2f5e87bad3c948f4d605d)
Start importing Assets/Materials/Material_Stripes.mat using Guid(3bc9f48c2baecee4d88b6cf2f1c3538b) Importer(2089858483,b0f066a214c2f5e87bad3c948f4d605d) (ScriptedImporter) -> (artifact id: 'b73eb6c0bee3b03f33db26df6bd23380') in 0.0247715 seconds
Number of updated asset objects reloaded before import = 0Number of asset objects unloaded after import = 2

========================================================================
Received Import Request.
  Time since last request: 0.000025 seconds.
  path: Assets/SourceFiles/SoundFX/Moving-Platform-2.ogg
  artifactKey: Guid(24923f459557e4749beacbabe977d532) Importer(2089858483,b0f066a214c2f5e87bad3c948f4d605d)
Start importing Assets/SourceFiles/SoundFX/Moving-Platform-2.ogg using Guid(24923f459557e4749beacbabe977d532) Importer(2089858483,b0f066a214c2f5e87bad3c948f4d605d) (ScriptedImporter) -> (artifact id: '04dabe52dfb7bef8e77f3600dff1664c') in 0.0342192 seconds
Number of updated asset objects reloaded before import = 0Number of asset objects unloaded after import = 1

========================================================================
Received Import Request.
  Time since last request: 0.000016 seconds.
  path: Assets/SourceFiles/Settings/SampleSceneProfile.asset
  artifactKey: Guid(10fc4df2da32a41aaa32d77bc913491c) Importer(2089858483,b0f066a214c2f5e87bad3c948f4d605d)
Start importing Assets/SourceFiles/Settings/SampleSceneProfile.asset using Guid(10fc4df2da32a41aaa32d77bc913491c) Importer(2089858483,b0f066a214c2f5e87bad3c948f4d605d) (ScriptedImporter) -> (artifact id: '868c2e9c6cbd959696c249f7cb445283') in 0.0149578 seconds
Number of updated asset objects reloaded before import = 0Number of asset objects unloaded after import = 1

========================================================================
Received Import Request.
  Time since last request: 0.000014 seconds.
  path: Assets/Tutorials/Media/4.0 Icon.png
  artifactKey: Guid(57fd157869e86cb43a30acf5f1c60efc) Importer(2089858483,b0f066a214c2f5e87bad3c948f4d605d)
Start importing Assets/Tutorials/Media/4.0 Icon.png using Guid(57fd157869e86cb43a30acf5f1c60efc) Importer(2089858483,b0f066a214c2f5e87bad3c948f4d605d) (ScriptedImporter) -> (artifact id: '8635a3547bbded24bac5a4b79d7cb575') in 0.0207549 seconds
Number of updated asset objects reloaded before import = 0Number of asset objects unloaded after import = 1

========================================================================
Received Import Request.
  Time since last request: 0.000018 seconds.
  path: Assets/SourceFiles/VFX/SimpleParticle_Mat.mat
  artifactKey: Guid(a5519a773bdc34c1ba249281ac7d6d6b) Importer(2089858483,b0f066a214c2f5e87bad3c948f4d605d)
Start importing Assets/SourceFiles/VFX/SimpleParticle_Mat.mat using Guid(a5519a773bdc34c1ba249281ac7d6d6b) Importer(2089858483,b0f066a214c2f5e87bad3c948f4d605d) (ScriptedImporter) -> (artifact id: '488371a4fbd1e59367685b7c1133429c') in 0.015862 seconds
Number of updated asset objects reloaded before import = 0Number of asset objects unloaded after import = 1

========================================================================
Received Import Request.
  Time since last request: 0.000025 seconds.
  path: Assets/SourceFiles/Resources/PerformanceTestRunSettings.json
  artifactKey: Guid(0211db8346fd84bce9eb630c4abce5ae) Importer(2089858483,b0f066a214c2f5e87bad3c948f4d605d)
Start importing Assets/SourceFiles/Resources/PerformanceTestRunSettings.json using Guid(0211db8346fd84bce9eb630c4abce5ae) Importer(2089858483,b0f066a214c2f5e87bad3c948f4d605d) (ScriptedImporter) -> (artifact id: '6ebd5917cdfffaa7832bd165f8a5ebba') in 0.0217181 seconds
Number of updated asset objects reloaded before import = 0Number of asset objects unloaded after import = 1

========================================================================
Received Import Request.
  Time since last request: 0.000017 seconds.
  path: Assets/SourceFiles/Animation/Moving_Platform.anim
  artifactKey: Guid(de9715389ad87433580b3df1fcd70d0f) Importer(2089858483,b0f066a214c2f5e87bad3c948f4d605d)
Start importing Assets/SourceFiles/Animation/Moving_Platform.anim using Guid(de9715389ad87433580b3df1fcd70d0f) Importer(2089858483,b0f066a214c2f5e87bad3c948f4d605d) (ScriptedImporter) -> (artifact id: '8192dac60ad4bcbc7ab2771d814d3939') in 0.0351699 seconds
Number of updated asset objects reloaded before import = 0Number of asset objects unloaded after import = 1

========================================================================
Received Import Request.
  Time since last request: 0.000015 seconds.
  path: Assets/Tutorials/Media/1.0 Icon.png
  artifactKey: Guid(e8a0c292d2a1e7d42ac847d727b673e7) Importer(2089858483,b0f066a214c2f5e87bad3c948f4d605d)
Start importing Assets/Tutorials/Media/1.0 Icon.png using Guid(e8a0c292d2a1e7d42ac847d727b673e7) Importer(2089858483,b0f066a214c2f5e87bad3c948f4d605d) (ScriptedImporter) -> (artifact id: 'c516e83c1a0d832d3d8686f3117f36b0') in 0.0197823 seconds
Number of updated asset objects reloaded before import = 0Number of asset objects unloaded after import = 1

========================================================================
Received Import Request.
  Time since last request: 0.000043 seconds.
  path: Assets/TextMesh Pro/Shaders/TMP_SDF-URP Unlit.shadergraph
  artifactKey: Guid(124c112a6e8f1a54e8b0870e881b56d8) Importer(2089858483,b0f066a214c2f5e87bad3c948f4d605d)
Start importing Assets/TextMesh Pro/Shaders/TMP_SDF-URP Unlit.shadergraph using Guid(124c112a6e8f1a54e8b0870e881b56d8) Importer(2089858483,b0f066a214c2f5e87bad3c948f4d605d) (ScriptedImporter) -> (artifact id: '65cd267aaa538c0781da5e5917e091a7') in 0.0543804 seconds
Number of updated asset objects reloaded before import = 0Number of asset objects unloaded after import = 5

========================================================================
Received Import Request.
  Time since last request: 0.000024 seconds.
  path: Assets/Tutorials/Media/3.0 Icon.png
  artifactKey: Guid(b1e1fa411612c374f981aac1173a3012) Importer(2089858483,b0f066a214c2f5e87bad3c948f4d605d)
Start importing Assets/Tutorials/Media/3.0 Icon.png using Guid(b1e1fa411612c374f981aac1173a3012) Importer(2089858483,b0f066a214c2f5e87bad3c948f4d605d) (ScriptedImporter) -> (artifact id: 'fe909d08aff28b146a7e81fc908334b1') in 0.0216442 seconds
Number of updated asset objects reloaded before import = 0Number of asset objects unloaded after import = 1

========================================================================
Received Import Request.
  Time since last request: 0.000014 seconds.
  path: Assets/Tutorials/t1_Interface/s1.1_Start the tour.asset
  artifactKey: Guid(bd2dd68192ce28c409d69ed52c565c60) Importer(2089858483,b0f066a214c2f5e87bad3c948f4d605d)
Start importing Assets/Tutorials/t1_Interface/s1.1_Start the tour.asset using Guid(bd2dd68192ce28c409d69ed52c565c60) Importer(2089858483,b0f066a214c2f5e87bad3c948f4d605d) (ScriptedImporter) -> (artifact id: '1b3a25ba8a13757e07b49fd6a73606fc') in 0.0278636 seconds
Number of updated asset objects reloaded before import = 0Number of asset objects unloaded after import = 2

========================================================================
Received Import Request.
  Time since last request: 0.000016 seconds.
  path: Assets/Tutorials/Styles/ApplyCustomThemeHelper.cs
  artifactKey: Guid(12db35c4446e48e4ea8283c7e75fc482) Importer(2089858483,b0f066a214c2f5e87bad3c948f4d605d)
Start importing Assets/Tutorials/Styles/ApplyCustomThemeHelper.cs using Guid(12db35c4446e48e4ea8283c7e75fc482) Importer(2089858483,b0f066a214c2f5e87bad3c948f4d605d) (ScriptedImporter) -> (artifact id: '3984950589b17dcf16c0e88e2ca51b49') in 0.0127395 seconds
Number of updated asset objects reloaded before import = 0Number of asset objects unloaded after import = 0

========================================================================
Received Import Request.
  Time since last request: 0.000019 seconds.
  path: Assets/Tutorials/t1_Interface/s1.2_Videos and images.asset
  artifactKey: Guid(5dd43fac037c1477689228cf5a82d709) Importer(2089858483,b0f066a214c2f5e87bad3c948f4d605d)
Start importing Assets/Tutorials/t1_Interface/s1.2_Videos and images.asset using Guid(5dd43fac037c1477689228cf5a82d709) Importer(2089858483,b0f066a214c2f5e87bad3c948f4d605d) (ScriptedImporter) -> (artifact id: '6b7e6897f473d28a7d3049b32ddaf125') in 0.0151402 seconds
Number of updated asset objects reloaded before import = 0Number of asset objects unloaded after import = 2

========================================================================
Received Import Request.
  Time since last request: 0.000025 seconds.
  path: Assets/Tutorials/t1_Interface/s1.11_The Unity interface.asset
  artifactKey: Guid(aaf86eaa93e29c14c87faff956c7e318) Importer(2089858483,b0f066a214c2f5e87bad3c948f4d605d)
Start importing Assets/Tutorials/t1_Interface/s1.11_The Unity interface.asset using Guid(aaf86eaa93e29c14c87faff956c7e318) Importer(2089858483,b0f066a214c2f5e87bad3c948f4d605d) (ScriptedImporter) -> (artifact id: 'a47205ad3ca6908a9b022746fcbf7700') in 0.017626 seconds
Number of updated asset objects reloaded before import = 0Number of asset objects unloaded after import = 2

========================================================================
Received Import Request.
  Time since last request: 0.000015 seconds.
  path: Assets/Tutorials/t1_Interface/s1.10_Save your scene.asset
  artifactKey: Guid(2400c185952f3954085b76e0f30cf891) Importer(2089858483,b0f066a214c2f5e87bad3c948f4d605d)
Start importing Assets/Tutorials/t1_Interface/s1.10_Save your scene.asset using Guid(2400c185952f3954085b76e0f30cf891) Importer(2089858483,b0f066a214c2f5e87bad3c948f4d605d) (ScriptedImporter) -> (artifact id: 'f408d14b1d04a8e2a33b6223949a17e6') in 0.0193999 seconds
Number of updated asset objects reloaded before import = 0Number of asset objects unloaded after import = 2

========================================================================
Received Import Request.
  Time since last request: 0.000015 seconds.
  path: Assets/Tutorials/Media/2.3 Chane The Skybox.webm
  artifactKey: Guid(867e81898c07dbd498002222510e274c) Importer(2089858483,b0f066a214c2f5e87bad3c948f4d605d)
Start importing Assets/Tutorials/Media/2.3 Chane The Skybox.webm using Guid(867e81898c07dbd498002222510e274c) Importer(2089858483,b0f066a214c2f5e87bad3c948f4d605d) (ScriptedImporter) -> (artifact id: 'ad73e39da5823b6ece81a65d0a91ae92') in 0.0145868 seconds
Number of updated asset objects reloaded before import = 0Number of asset objects unloaded after import = 1

========================================================================
Received Import Request.
  Time since last request: 0.000017 seconds.
  path: Assets/SourceFiles/Settings/Mobile_RPAsset.asset
  artifactKey: Guid(5e6cbd92db86f4b18aec3ed561671858) Importer(2089858483,b0f066a214c2f5e87bad3c948f4d605d)
Start importing Assets/SourceFiles/Settings/Mobile_RPAsset.asset using Guid(5e6cbd92db86f4b18aec3ed561671858) Importer(2089858483,b0f066a214c2f5e87bad3c948f4d605d) (ScriptedImporter) -> (artifact id: 'ba61b313aa7808cf67f9b850ef91b5c8') in 0.0588859 seconds
Number of updated asset objects reloaded before import = 0Number of asset objects unloaded after import = 2

========================================================================
Received Import Request.
  Time since last request: 0.000025 seconds.
  path: Assets/Tutorials/t1_Interface/s1.4_Welcome to the scene.asset
  artifactKey: Guid(a36298968ab0cf64e9e25594a28b5de9) Importer(2089858483,b0f066a214c2f5e87bad3c948f4d605d)
Start importing Assets/Tutorials/t1_Interface/s1.4_Welcome to the scene.asset using Guid(a36298968ab0cf64e9e25594a28b5de9) Importer(2089858483,b0f066a214c2f5e87bad3c948f4d605d) (ScriptedImporter) -> (artifact id: '13e96ece8301716e9e613c90bbcc9dcd') in 0.0249241 seconds
Number of updated asset objects reloaded before import = 0Number of asset objects unloaded after import = 2

========================================================================
Received Import Request.
  Time since last request: 0.000016 seconds.
  path: Assets/Tutorials/t1_Interface/s1.6_The Inspector window.asset
  artifactKey: Guid(68e7c3914e2c64b4e98960fefa6b01ab) Importer(2089858483,b0f066a214c2f5e87bad3c948f4d605d)
Start importing Assets/Tutorials/t1_Interface/s1.6_The Inspector window.asset using Guid(68e7c3914e2c64b4e98960fefa6b01ab) Importer(2089858483,b0f066a214c2f5e87bad3c948f4d605d) (ScriptedImporter) -> (artifact id: '6930820d6c98eae21617c11e33ba7c9e') in 0.0186795 seconds
Number of updated asset objects reloaded before import = 0Number of asset objects unloaded after import = 3

========================================================================
Received Import Request.
  Time since last request: 0.000015 seconds.
  path: Assets/Tutorials/t1_Interface/s1.9 Play mode.asset
  artifactKey: Guid(e34ecc1b494cd4a7e84ebe7e43d9cd6e) Importer(2089858483,b0f066a214c2f5e87bad3c948f4d605d)
Start importing Assets/Tutorials/t1_Interface/s1.9 Play mode.asset using Guid(e34ecc1b494cd4a7e84ebe7e43d9cd6e) Importer(2089858483,b0f066a214c2f5e87bad3c948f4d605d) (ScriptedImporter) -> (artifact id: '132689398c3f2198cbf61bfe99584a1e') in 0.0173937 seconds
Number of updated asset objects reloaded before import = 0Number of asset objects unloaded after import = 2

========================================================================
Received Import Request.
  Time since last request: 0.000018 seconds.
  path: Assets/Tutorials/t1_Interface/s1.7_Add a player character.asset
  artifactKey: Guid(fcc0b174ffc1b499f80974451ac3dd8a) Importer(2089858483,b0f066a214c2f5e87bad3c948f4d605d)
Start importing Assets/Tutorials/t1_Interface/s1.7_Add a player character.asset using Guid(fcc0b174ffc1b499f80974451ac3dd8a) Importer(2089858483,b0f066a214c2f5e87bad3c948f4d605d) (ScriptedImporter) -> (artifact id: '85702831a1a5bbb88455449c2923d84b') in 0.0213246 seconds
Number of updated asset objects reloaded before import = 0Number of asset objects unloaded after import = 2

========================================================================
Received Import Request.
  Time since last request: 0.000026 seconds.
  path: Assets/Audio/Background_Music_Action.prefab
  artifactKey: Guid(e85df3add4f144a1eb29c7a05dd0bebb) Importer(2089858483,b0f066a214c2f5e87bad3c948f4d605d)
Start importing Assets/Audio/Background_Music_Action.prefab using Guid(e85df3add4f144a1eb29c7a05dd0bebb) Importer(2089858483,b0f066a214c2f5e87bad3c948f4d605d) (ScriptedImporter) -> (artifact id: '3bcdb1de3dd1e5d8110527a1be6c772c') in 0.0339739 seconds
Number of updated asset objects reloaded before import = 0Number of asset objects unloaded after import = 6

========================================================================
Received Import Request.
  Time since last request: 0.000015 seconds.
  path: Assets/Tutorials/t2_Fundamentals/s2.1 The 3D fundamentals.asset
  artifactKey: Guid(01609422f7b3f9544b8af022b239020b) Importer(2089858483,b0f066a214c2f5e87bad3c948f4d605d)
Start importing Assets/Tutorials/t2_Fundamentals/s2.1 The 3D fundamentals.asset using Guid(01609422f7b3f9544b8af022b239020b) Importer(2089858483,b0f066a214c2f5e87bad3c948f4d605d) (ScriptedImporter) -> (artifact id: '00846dae068e30ae736353a25bedf9de') in 0.0169104 seconds
Number of updated asset objects reloaded before import = 0Number of asset objects unloaded after import = 2

========================================================================
Received Import Request.
  Time since last request: 0.000016 seconds.
  path: Assets/Tutorials/Media/4.4 Publish To Play.webm
  artifactKey: Guid(1eec7dff71f1b8c43bcb7dd707fdab92) Importer(2089858483,b0f066a214c2f5e87bad3c948f4d605d)
Start importing Assets/Tutorials/Media/4.4 Publish To Play.webm using Guid(1eec7dff71f1b8c43bcb7dd707fdab92) Importer(2089858483,b0f066a214c2f5e87bad3c948f4d605d) (ScriptedImporter) -> (artifact id: '5cde008f8c686ea01a6ce57d28668972') in 0.0139034 seconds
Number of updated asset objects reloaded before import = 0Number of asset objects unloaded after import = 1

========================================================================
Received Import Request.
  Time since last request: 0.000018 seconds.
  path: Assets/Tutorials/Media/1.9 Save your scene.png
  artifactKey: Guid(36cc3749c22c94dc48cb9497d3344f14) Importer(2089858483,b0f066a214c2f5e87bad3c948f4d605d)
Start importing Assets/Tutorials/Media/1.9 Save your scene.png using Guid(36cc3749c22c94dc48cb9497d3344f14) Importer(2089858483,b0f066a214c2f5e87bad3c948f4d605d) (ScriptedImporter) -> (artifact id: 'e106ad4ac9fccb06ef92e1762aae7602') in 0.0177173 seconds
Number of updated asset objects reloaded before import = 0Number of asset objects unloaded after import = 1

========================================================================
Received Import Request.
  Time since last request: 0.000030 seconds.
  path: Assets/UI/Remaining_Collectibles_UI.prefab
  artifactKey: Guid(11df39673429a452dbbcbc5da55020d6) Importer(2089858483,b0f066a214c2f5e87bad3c948f4d605d)
Start importing Assets/UI/Remaining_Collectibles_UI.prefab using Guid(11df39673429a452dbbcbc5da55020d6) Importer(2089858483,b0f066a214c2f5e87bad3c948f4d605d) (ScriptedImporter) -> (artifact id: '65dd85bf0817e24818a97434ca19d6b9') in 0.0784597 seconds
Number of updated asset objects reloaded before import = 0Number of asset objects unloaded after import = 25

========================================================================
Received Import Request.
  Time since last request: 0.000016 seconds.
  path: Assets/Tutorials/Media/3.11 Add A Ui.webm
  artifactKey: Guid(9044939d24af8804ba16142870334f1a) Importer(2089858483,b0f066a214c2f5e87bad3c948f4d605d)
Start importing Assets/Tutorials/Media/3.11 Add A Ui.webm using Guid(9044939d24af8804ba16142870334f1a) Importer(2089858483,b0f066a214c2f5e87bad3c948f4d605d) (ScriptedImporter) -> (artifact id: 'b5d3ddf20501e8d1cd01ec6a3bdacb70') in 0.01748 seconds
Number of updated asset objects reloaded before import = 0Number of asset objects unloaded after import = 1

========================================================================
Received Import Request.
  Time since last request: 0.000017 seconds.
  path: Assets/SourceFiles/Settings/DefaultVolumeProfile.asset
  artifactKey: Guid(ab09877e2e707104187f6f83e2f62510) Importer(2089858483,b0f066a214c2f5e87bad3c948f4d605d)
Start importing Assets/SourceFiles/Settings/DefaultVolumeProfile.asset using Guid(ab09877e2e707104187f6f83e2f62510) Importer(2089858483,b0f066a214c2f5e87bad3c948f4d605d) (ScriptedImporter) -> (artifact id: 'fd86e91520719274e81a506943c43495') in 0.0160124 seconds
Number of updated asset objects reloaded before import = 0Number of asset objects unloaded after import = 0

========================================================================
Received Import Request.
  Time since last request: 0.000024 seconds.
  path: Assets/Tutorials/Styles/ApplyCustomThemeHelper.asset
  artifactKey: Guid(1d9499e6fe8316043af4f0e8fe995074) Importer(2089858483,b0f066a214c2f5e87bad3c948f4d605d)
Start importing Assets/Tutorials/Styles/ApplyCustomThemeHelper.asset using Guid(1d9499e6fe8316043af4f0e8fe995074) Importer(2089858483,b0f066a214c2f5e87bad3c948f4d605d) (ScriptedImporter) -> (artifact id: 'd1866603296b96ab6dbd099dd128e788') in 0.0137064 seconds
Number of updated asset objects reloaded before import = 0Number of asset objects unloaded after import = 1

========================================================================
Received Import Request.
  Time since last request: 0.000014 seconds.
  path: Assets/Tutorials/Media/3.7 Add Ambient Audio.webm
  artifactKey: Guid(685b155bf8cd0bf46bcec2d10b1e7d1b) Importer(2089858483,b0f066a214c2f5e87bad3c948f4d605d)
Start importing Assets/Tutorials/Media/3.7 Add Ambient Audio.webm using Guid(685b155bf8cd0bf46bcec2d10b1e7d1b) Importer(2089858483,b0f066a214c2f5e87bad3c948f4d605d) (ScriptedImporter) -> (artifact id: 'cfc75f5d78fc437344bba4d476ee71f7') in 0.0144142 seconds
Number of updated asset objects reloaded before import = 0Number of asset objects unloaded after import = 1

========================================================================
Received Import Request.
  Time since last request: 0.000015 seconds.
  path: Assets/SourceFiles/VFX/RaindropTexture.png
  artifactKey: Guid(325412413754045069b4b7da10244388) Importer(2089858483,b0f066a214c2f5e87bad3c948f4d605d)
Start importing Assets/SourceFiles/VFX/RaindropTexture.png using Guid(325412413754045069b4b7da10244388) Importer(2089858483,b0f066a214c2f5e87bad3c948f4d605d) (ScriptedImporter) -> (artifact id: '50c7c55d0e2759c1be324c0805cf050b') in 0.0190803 seconds
Number of updated asset objects reloaded before import = 0Number of asset objects unloaded after import = 1

========================================================================
Received Import Request.
  Time since last request: 0.000020 seconds.
  path: Assets/TextMesh Pro/Fonts/LiberationSans - OFL.txt
  artifactKey: Guid(6e59c59b81ab47f9b6ec5781fa725d2c) Importer(2089858483,b0f066a214c2f5e87bad3c948f4d605d)
Start importing Assets/TextMesh Pro/Fonts/LiberationSans - OFL.txt using Guid(6e59c59b81ab47f9b6ec5781fa725d2c) Importer(2089858483,b0f066a214c2f5e87bad3c948f4d605d) (ScriptedImporter) -> (artifact id: '43093a133dfe7d5ccc8bf6a9e9a56371') in 0.0203738 seconds
Number of updated asset objects reloaded before import = 0Number of asset objects unloaded after import = 1

========================================================================
Received Import Request.
  Time since last request: 0.000025 seconds.
  path: Assets/Audio/Background_Music_Ethereal.prefab
  artifactKey: Guid(86041f47b6a464719b64b155d197ba11) Importer(2089858483,b0f066a214c2f5e87bad3c948f4d605d)
Start importing Assets/Audio/Background_Music_Ethereal.prefab using Guid(86041f47b6a464719b64b155d197ba11) Importer(2089858483,b0f066a214c2f5e87bad3c948f4d605d) (ScriptedImporter) -> (artifact id: 'fefdea54a276537221ac83a3ed0c77d1') in 0.0365192 seconds
Number of updated asset objects reloaded before import = 0Number of asset objects unloaded after import = 6

========================================================================
Received Import Request.
  Time since last request: 0.000014 seconds.
  path: Assets/Tutorials/Media/3.6 audio.png
  artifactKey: Guid(22e1a2d73ebad46f9bcc8ebd73bbd147) Importer(2089858483,b0f066a214c2f5e87bad3c948f4d605d)
Start importing Assets/Tutorials/Media/3.6 audio.png using Guid(22e1a2d73ebad46f9bcc8ebd73bbd147) Importer(2089858483,b0f066a214c2f5e87bad3c948f4d605d) (ScriptedImporter) -> (artifact id: 'd1cd6658385288422b997b9304568b65') in 0.0254494 seconds
Number of updated asset objects reloaded before import = 0Number of asset objects unloaded after import = 1

========================================================================
Received Import Request.
  Time since last request: 0.000015 seconds.
  path: Assets/Tutorials/t2_Fundamentals/t2_Start creating now.asset
  artifactKey: Guid(900a9fef70eab054eb4b551b11f0e64e) Importer(2089858483,b0f066a214c2f5e87bad3c948f4d605d)
Start importing Assets/Tutorials/t2_Fundamentals/t2_Start creating now.asset using Guid(900a9fef70eab054eb4b551b11f0e64e) Importer(2089858483,b0f066a214c2f5e87bad3c948f4d605d) (ScriptedImporter) -> (artifact id: 'a8e0a6b4a5a424620245cb1ef9f29b30') in 0.1938476 seconds
Number of updated asset objects reloaded before import = 0Number of asset objects unloaded after import = 93

========================================================================
Received Import Request.
  Time since last request: 0.000032 seconds.
  path: Assets/Tutorials/t2_Fundamentals/s2.9_Rotate the stairs.asset
  artifactKey: Guid(4112c1ae292ae54419b97f722a7e3588) Importer(2089858483,b0f066a214c2f5e87bad3c948f4d605d)
Start importing Assets/Tutorials/t2_Fundamentals/s2.9_Rotate the stairs.asset using Guid(4112c1ae292ae54419b97f722a7e3588) Importer(2089858483,b0f066a214c2f5e87bad3c948f4d605d) (ScriptedImporter) -> (artifact id: '9b2cc329d09fd8f52b1c64f3366056ed') in 0.0168533 seconds
Number of updated asset objects reloaded before import = 0Number of asset objects unloaded after import = 2

========================================================================
Received Import Request.
  Time since last request: 0.000024 seconds.
  path: Assets/TextMesh Pro/Shaders/TMP_SDF-Mobile Masking.shader
  artifactKey: Guid(bc1ede39bf3643ee8e493720e4259791) Importer(2089858483,b0f066a214c2f5e87bad3c948f4d605d)
Start importing Assets/TextMesh Pro/Shaders/TMP_SDF-Mobile Masking.shader using Guid(bc1ede39bf3643ee8e493720e4259791) Importer(2089858483,b0f066a214c2f5e87bad3c948f4d605d) (ScriptedImporter) -> (artifact id: '992c2e88bf342d2cca86554fd77f9814') in 0.0147422 seconds
Number of updated asset objects reloaded before import = 0Number of asset objects unloaded after import = 1

========================================================================
Received Import Request.
  Time since last request: 0.000017 seconds.
  path: Assets/SourceFiles/Settings/PC_Renderer.asset
  artifactKey: Guid(f288ae1f4751b564a96ac7587541f7a2) Importer(2089858483,b0f066a214c2f5e87bad3c948f4d605d)
Start importing Assets/SourceFiles/Settings/PC_Renderer.asset using Guid(f288ae1f4751b564a96ac7587541f7a2) Importer(2089858483,b0f066a214c2f5e87bad3c948f4d605d) (ScriptedImporter) -> (artifact id: '7b85647cdcf8932d10f7bea93e9b141a') in 0.0384048 seconds
Number of updated asset objects reloaded before import = 0Number of asset objects unloaded after import = 1

========================================================================
Received Import Request.
  Time since last request: 0.000016 seconds.
  path: Assets/Tutorials/t3_Explore/s3.3_Add a moving platform.asset
  artifactKey: Guid(e43a9032272a742aca98d4f34d891eb5) Importer(2089858483,b0f066a214c2f5e87bad3c948f4d605d)
Start importing Assets/Tutorials/t3_Explore/s3.3_Add a moving platform.asset using Guid(e43a9032272a742aca98d4f34d891eb5) Importer(2089858483,b0f066a214c2f5e87bad3c948f4d605d) (ScriptedImporter) -> (artifact id: 'da7974f1d2211f86043e26928e0872f1') in 0.0236582 seconds
Number of updated asset objects reloaded before import = 0Number of asset objects unloaded after import = 4

========================================================================
Received Import Request.
  Time since last request: 0.000019 seconds.
  path: Assets/SourceFiles/SoundFX/Music_Ethereal.ogg
  artifactKey: Guid(fd6b6d51cfcff4925a7954922d0891f8) Importer(2089858483,b0f066a214c2f5e87bad3c948f4d605d)
Start importing Assets/SourceFiles/SoundFX/Music_Ethereal.ogg using Guid(fd6b6d51cfcff4925a7954922d0891f8) Importer(2089858483,b0f066a214c2f5e87bad3c948f4d605d) (ScriptedImporter) -> (artifact id: '381de7e96996908567694ae7585751b5') in 0.0374883 seconds
Number of updated asset objects reloaded before import = 0Number of asset objects unloaded after import = 1

========================================================================
Received Import Request.
  Time since last request: 0.000024 seconds.
  path: Assets/Tutorials/Media/3.12 Reach The Final Star.webm
  artifactKey: Guid(d95d90907f81de34ba10eaa0a57ee726) Importer(2089858483,b0f066a214c2f5e87bad3c948f4d605d)
Start importing Assets/Tutorials/Media/3.12 Reach The Final Star.webm using Guid(d95d90907f81de34ba10eaa0a57ee726) Importer(2089858483,b0f066a214c2f5e87bad3c948f4d605d) (ScriptedImporter) -> (artifact id: 'bfa142d6fc830233f183a240416eae39') in 0.0129166 seconds
Number of updated asset objects reloaded before import = 0Number of asset objects unloaded after import = 1

========================================================================
Received Import Request.
  Time since last request: 0.000022 seconds.
  path: Assets/SourceFiles/Animation/Moving_Platform.controller
  artifactKey: Guid(704484908930d4318bebce9fa830b0f8) Importer(2089858483,b0f066a214c2f5e87bad3c948f4d605d)
Start importing Assets/SourceFiles/Animation/Moving_Platform.controller using Guid(704484908930d4318bebce9fa830b0f8) Importer(2089858483,b0f066a214c2f5e87bad3c948f4d605d) (ScriptedImporter) -> (artifact id: '5ac2dbb3d760877f008ad2cd57dd80c2') in 0.0292877 seconds
Number of updated asset objects reloaded before import = 0Number of asset objects unloaded after import = 4

========================================================================
Received Import Request.
  Time since last request: 0.000016 seconds.
  path: Assets/Tutorials/Media/1.10 Play Mode.webm
  artifactKey: Guid(bde849b6c2756c341b130bbe263b000e) Importer(2089858483,b0f066a214c2f5e87bad3c948f4d605d)
Start importing Assets/Tutorials/Media/1.10 Play Mode.webm using Guid(bde849b6c2756c341b130bbe263b000e) Importer(2089858483,b0f066a214c2f5e87bad3c948f4d605d) (ScriptedImporter) -> (artifact id: 'e246fb5536537772f0c0a6f3c90c1aa1') in 0.0155547 seconds
Number of updated asset objects reloaded before import = 0Number of asset objects unloaded after import = 1

========================================================================
Received Import Request.
  Time since last request: 0.000018 seconds.
  path: Assets/Tutorials/Settings/QuickTourLayout.wlt
  artifactKey: Guid(d134903b5a25c3c408818857f9d9de1b) Importer(2089858483,b0f066a214c2f5e87bad3c948f4d605d)
Start importing Assets/Tutorials/Settings/QuickTourLayout.wlt using Guid(d134903b5a25c3c408818857f9d9de1b) Importer(2089858483,b0f066a214c2f5e87bad3c948f4d605d) (ScriptedImporter) -> (artifact id: 'ace19edf157a305822eda8952fa77f65') in 0.0153287 seconds
Number of updated asset objects reloaded before import = 0Number of asset objects unloaded after import = 1

========================================================================
Received Import Request.
  Time since last request: 0.000024 seconds.
  path: Assets/Tutorials/t2_Fundamentals/s2.6_Seelct the Move tool.asset
  artifactKey: Guid(a061b759ce81f0541a3ee10d91dc03f2) Importer(2089858483,b0f066a214c2f5e87bad3c948f4d605d)
Start importing Assets/Tutorials/t2_Fundamentals/s2.6_Seelct the Move tool.asset using Guid(a061b759ce81f0541a3ee10d91dc03f2) Importer(2089858483,b0f066a214c2f5e87bad3c948f4d605d) (ScriptedImporter) -> (artifact id: 'ff6b4fe731c4899102696f174de00788') in 0.0165181 seconds
Number of updated asset objects reloaded before import = 0Number of asset objects unloaded after import = 2

========================================================================
Received Import Request.
  Time since last request: 0.000015 seconds.
  path: Assets/Tutorials/Settings/Tutorial Project Settings.asset
  artifactKey: Guid(1b0d13d8b2332614f9d01a217f8223c4) Importer(2089858483,b0f066a214c2f5e87bad3c948f4d605d)
Start importing Assets/Tutorials/Settings/Tutorial Project Settings.asset using Guid(1b0d13d8b2332614f9d01a217f8223c4) Importer(2089858483,b0f066a214c2f5e87bad3c948f4d605d) (ScriptedImporter) -> (artifact id: 'c630095f0bf5aa0d8836074cdb8af065') in 0.1844339 seconds
Number of updated asset objects reloaded before import = 0Number of asset objects unloaded after import = 102

========================================================================
Received Import Request.
  Time since last request: 0.000023 seconds.
  path: Assets/TextMesh Pro/Shaders/TMP_SDF-Mobile SSD.shader
  artifactKey: Guid(c8d12adcee749c344b8117cf7c7eb912) Importer(2089858483,b0f066a214c2f5e87bad3c948f4d605d)
Start importing Assets/TextMesh Pro/Shaders/TMP_SDF-Mobile SSD.shader using Guid(c8d12adcee749c344b8117cf7c7eb912) Importer(2089858483,b0f066a214c2f5e87bad3c948f4d605d) (ScriptedImporter) -> (artifact id: '7318788ec9d3d048a20746d635754f3b') in 0.0157021 seconds
Number of updated asset objects reloaded before import = 0Number of asset objects unloaded after import = 1

========================================================================
Received Import Request.
  Time since last request: 0.000024 seconds.
  path: Assets/Tutorials/t3_Explore/t3_Game time_ Explore the possibilities.asset
  artifactKey: Guid(eea9ec24783e92d488e02265aef9f7c6) Importer(2089858483,b0f066a214c2f5e87bad3c948f4d605d)
Start importing Assets/Tutorials/t3_Explore/t3_Game time_ Explore the possibilities.asset using Guid(eea9ec24783e92d488e02265aef9f7c6) Importer(2089858483,b0f066a214c2f5e87bad3c948f4d605d) (ScriptedImporter) -> (artifact id: '9ccf3e659f2971bc860edcc71d6f045d') in 0.1614964 seconds
Number of updated asset objects reloaded before import = 0Number of asset objects unloaded after import = 93

========================================================================
Received Import Request.
  Time since last request: 0.000027 seconds.
  path: Assets/Tutorials/t3_Explore/s3.9_Add a visual effect.asset
  artifactKey: Guid(af4109ff44911994f8d86222ff49584e) Importer(2089858483,b0f066a214c2f5e87bad3c948f4d605d)
Start importing Assets/Tutorials/t3_Explore/s3.9_Add a visual effect.asset using Guid(af4109ff44911994f8d86222ff49584e) Importer(2089858483,b0f066a214c2f5e87bad3c948f4d605d) (ScriptedImporter) -> (artifact id: '4b0079377c308ff16176375847222cf2') in 0.0164229 seconds
Number of updated asset objects reloaded before import = 0Number of asset objects unloaded after import = 2

========================================================================
Received Import Request.
  Time since last request: 0.000025 seconds.
  path: Assets/Tutorials/t4_Share/s4.1_Overview.asset
  artifactKey: Guid(24e05e1bc46d36c40bded17aed8bea6c) Importer(2089858483,b0f066a214c2f5e87bad3c948f4d605d)
Start importing Assets/Tutorials/t4_Share/s4.1_Overview.asset using Guid(24e05e1bc46d36c40bded17aed8bea6c) Importer(2089858483,b0f066a214c2f5e87bad3c948f4d605d) (ScriptedImporter) -> (artifact id: '5721e39b98b535f27eb73884dca929c2') in 0.0175131 seconds
Number of updated asset objects reloaded before import = 0Number of asset objects unloaded after import = 2

========================================================================
Received Import Request.
  Time since last request: 0.000019 seconds.
  path: Assets/Materials/Material_Circuits.mat
  artifactKey: Guid(7e9d3d0dca78268469a8b9eae0185f80) Importer(2089858483,b0f066a214c2f5e87bad3c948f4d605d)
Start importing Assets/Materials/Material_Circuits.mat using Guid(7e9d3d0dca78268469a8b9eae0185f80) Importer(2089858483,b0f066a214c2f5e87bad3c948f4d605d) (ScriptedImporter) -> (artifact id: 'eee42440b8b2ab474dab06c26b136755') in 0.0718889 seconds
Number of updated asset objects reloaded before import = 0Number of asset objects unloaded after import = 6

========================================================================
Received Import Request.
  Time since last request: 0.000019 seconds.
  path: Assets/Tutorials/Media/1.12 Mastering fundamentals.png
  artifactKey: Guid(dd8c5448ea5894afbb7ba30e1f838719) Importer(2089858483,b0f066a214c2f5e87bad3c948f4d605d)
Start importing Assets/Tutorials/Media/1.12 Mastering fundamentals.png using Guid(dd8c5448ea5894afbb7ba30e1f838719) Importer(2089858483,b0f066a214c2f5e87bad3c948f4d605d) (ScriptedImporter) -> (artifact id: '60a52ef4a1095dd86e7c20da7081830e') in 0.0301263 seconds
Number of updated asset objects reloaded before import = 0Number of asset objects unloaded after import = 1

========================================================================
Received Import Request.
  Time since last request: 0.000030 seconds.
  path: Assets/Tutorials/t3_Explore/s3.12_Reach the final star.asset
  artifactKey: Guid(a0d58c23679b8314ca641bc63d1f56e1) Importer(2089858483,b0f066a214c2f5e87bad3c948f4d605d)
Start importing Assets/Tutorials/t3_Explore/s3.12_Reach the final star.asset using Guid(a0d58c23679b8314ca641bc63d1f56e1) Importer(2089858483,b0f066a214c2f5e87bad3c948f4d605d) (ScriptedImporter) -> (artifact id: '696d06976e122059560f61ed984bcdf4') in 0.0164976 seconds
Number of updated asset objects reloaded before import = 0Number of asset objects unloaded after import = 3

========================================================================
Received Import Request.
  Time since last request: 0.000015 seconds.
  path: Assets/Tutorials/t3_Explore/s3.11_Add a UI.asset
  artifactKey: Guid(47fa63b3ff6b84ab3a4015dd0ba35c32) Importer(2089858483,b0f066a214c2f5e87bad3c948f4d605d)
Start importing Assets/Tutorials/t3_Explore/s3.11_Add a UI.asset using Guid(47fa63b3ff6b84ab3a4015dd0ba35c32) Importer(2089858483,b0f066a214c2f5e87bad3c948f4d605d) (ScriptedImporter) -> (artifact id: '76053f13a6e05ab3a358ac563f0acb3a') in 0.0164609 seconds
Number of updated asset objects reloaded before import = 0Number of asset objects unloaded after import = 2

========================================================================
Received Import Request.
  Time since last request: 0.000016 seconds.
  path: Assets/SourceFiles/Models/Platform.FBX
  artifactKey: Guid(136527f470478944aacca39952c7eab7) Importer(2089858483,b0f066a214c2f5e87bad3c948f4d605d)
Start importing Assets/SourceFiles/Models/Platform.FBX using Guid(136527f470478944aacca39952c7eab7) Importer(2089858483,b0f066a214c2f5e87bad3c948f4d605d) (ScriptedImporter) -> (artifact id: 'd73e67db1096eab1f75415c74e805d28') in 0.0348478 seconds
Number of updated asset objects reloaded before import = 0Number of asset objects unloaded after import = 8

========================================================================
Received Import Request.
  Time since last request: 0.000022 seconds.
  path: Assets/Tutorials/Media/1.4 The Scene view.png
  artifactKey: Guid(78173ff57388c4629a5fe2dfe31c6f08) Importer(2089858483,b0f066a214c2f5e87bad3c948f4d605d)
Start importing Assets/Tutorials/Media/1.4 The Scene view.png using Guid(78173ff57388c4629a5fe2dfe31c6f08) Importer(2089858483,b0f066a214c2f5e87bad3c948f4d605d) (ScriptedImporter) -> (artifact id: 'f160bbe1eb7efa595965f2d4423773a4') in 0.0260813 seconds
Number of updated asset objects reloaded before import = 0Number of asset objects unloaded after import = 1

========================================================================
Received Import Request.
  Time since last request: 0.000023 seconds.
  path: Assets/Tutorials/t5_Future/5.1 Next steps.asset
  artifactKey: Guid(ecad781e8ed75461482bc20720ea4b17) Importer(2089858483,b0f066a214c2f5e87bad3c948f4d605d)
Start importing Assets/Tutorials/t5_Future/5.1 Next steps.asset using Guid(ecad781e8ed75461482bc20720ea4b17) Importer(2089858483,b0f066a214c2f5e87bad3c948f4d605d) (ScriptedImporter) -> (artifact id: '6372a1a4e6c7666ed418c18d05278861') in 0.0180456 seconds
Number of updated asset objects reloaded before import = 0Number of asset objects unloaded after import = 2

========================================================================
Received Import Request.
  Time since last request: 0.000017 seconds.
  path: Assets/SourceFiles/Textures/Grid/Grid_01_Emissive.png
  artifactKey: Guid(d4d6919451fe3e24388816386a6d15a4) Importer(2089858483,b0f066a214c2f5e87bad3c948f4d605d)
Start importing Assets/SourceFiles/Textures/Grid/Grid_01_Emissive.png using Guid(d4d6919451fe3e24388816386a6d15a4) Importer(2089858483,b0f066a214c2f5e87bad3c948f4d605d) (ScriptedImporter) -> (artifact id: '1964899e5beb091e46b2eca0d4db5161') in 0.0214792 seconds
Number of updated asset objects reloaded before import = 0Number of asset objects unloaded after import = 1

========================================================================
Received Import Request.
  Time since last request: 0.000014 seconds.
  path: Assets/Tutorials/t3_Explore/s3.13 Share your game.asset
  artifactKey: Guid(45a771ced48a244609aef5e5ba9ec520) Importer(2089858483,b0f066a214c2f5e87bad3c948f4d605d)
Start importing Assets/Tutorials/t3_Explore/s3.13 Share your game.asset using Guid(45a771ced48a244609aef5e5ba9ec520) Importer(2089858483,b0f066a214c2f5e87bad3c948f4d605d) (ScriptedImporter) -> (artifact id: '5ec803e7c91b1157dd54a151d741597d') in 0.020357 seconds
Number of updated asset objects reloaded before import = 0Number of asset objects unloaded after import = 2

========================================================================
Received Import Request.
  Time since last request: 0.000018 seconds.
  path: Assets/Materials/Material_Simple_Purple.mat
  artifactKey: Guid(bf1e8f7f2bbc3484dbcb41b44ae783ad) Importer(2089858483,b0f066a214c2f5e87bad3c948f4d605d)
Start importing Assets/Materials/Material_Simple_Purple.mat using Guid(bf1e8f7f2bbc3484dbcb41b44ae783ad) Importer(2089858483,b0f066a214c2f5e87bad3c948f4d605d) (ScriptedImporter) -> (artifact id: 'bf819b735191170e268913cc92cb20ee') in 0.021816 seconds
Number of updated asset objects reloaded before import = 0Number of asset objects unloaded after import = 1

========================================================================
Received Import Request.
  Time since last request: 0.000028 seconds.
  path: Assets/Tutorials/t1_Interface/t1_Start with a tour (optional).asset
  artifactKey: Guid(efdb476ac9307944ebb503fb0fe421f5) Importer(2089858483,b0f066a214c2f5e87bad3c948f4d605d)
Start importing Assets/Tutorials/t1_Interface/t1_Start with a tour (optional).asset using Guid(efdb476ac9307944ebb503fb0fe421f5) Importer(2089858483,b0f066a214c2f5e87bad3c948f4d605d) (ScriptedImporter) -> (artifact id: '0f453a78bda7c290fd4c88a21c7d8664') in 0.1565633 seconds
Number of updated asset objects reloaded before import = 0Number of asset objects unloaded after import = 93

========================================================================
Received Import Request.
  Time since last request: 0.000023 seconds.
  path: Assets/SourceFiles/Textures/Repeating Tiles/Candy_MetallicSmoothness.png
  artifactKey: Guid(f13565de481cb9649b2a625459f9a3bf) Importer(2089858483,b0f066a214c2f5e87bad3c948f4d605d)
Start importing Assets/SourceFiles/Textures/Repeating Tiles/Candy_MetallicSmoothness.png using Guid(f13565de481cb9649b2a625459f9a3bf) Importer(2089858483,b0f066a214c2f5e87bad3c948f4d605d) (ScriptedImporter) -> (artifact id: '2abb1401a4055c313d053171eeefdca2') in 0.0187155 seconds
Number of updated asset objects reloaded before import = 0Number of asset objects unloaded after import = 1

========================================================================
Received Import Request.
  Time since last request: 0.000025 seconds.
  path: Assets/Audio/Background_Music_Suspenseful.prefab
  artifactKey: Guid(2c9db70320bb54341b56854a91dd28a2) Importer(2089858483,b0f066a214c2f5e87bad3c948f4d605d)
Start importing Assets/Audio/Background_Music_Suspenseful.prefab using Guid(2c9db70320bb54341b56854a91dd28a2) Importer(2089858483,b0f066a214c2f5e87bad3c948f4d605d) (ScriptedImporter) -> (artifact id: '70d07eba78d4802fba6ef3490f4b6cd7') in 0.034457 seconds
Number of updated asset objects reloaded before import = 0Number of asset objects unloaded after import = 6

========================================================================
Received Import Request.
  Time since last request: 0.000016 seconds.
  path: Assets/Audio/Background_Ambient_Sci-Fi.prefab
  artifactKey: Guid(5fa452b78008549fe9c17940d1b51932) Importer(2089858483,b0f066a214c2f5e87bad3c948f4d605d)
Start importing Assets/Audio/Background_Ambient_Sci-Fi.prefab using Guid(5fa452b78008549fe9c17940d1b51932) Importer(2089858483,b0f066a214c2f5e87bad3c948f4d605d) (ScriptedImporter) -> (artifact id: 'ce117a49fafee2876a4cca2cb6b35a08') in 0.0440672 seconds
Number of updated asset objects reloaded before import = 0Number of asset objects unloaded after import = 6

========================================================================
Received Import Request.
  Time since last request: 0.000018 seconds.
  path: Assets/TextMesh Pro/Shaders/TMP_SDF-Surface-Mobile.shader
  artifactKey: Guid(85187c2149c549c5b33f0cdb02836b17) Importer(2089858483,b0f066a214c2f5e87bad3c948f4d605d)
Start importing Assets/TextMesh Pro/Shaders/TMP_SDF-Surface-Mobile.shader using Guid(85187c2149c549c5b33f0cdb02836b17) Importer(2089858483,b0f066a214c2f5e87bad3c948f4d605d) (ScriptedImporter) -> (artifact id: '9594e5cdfc1b0b189125cdf0484ebbe4') in 0.0152991 seconds
Number of updated asset objects reloaded before import = 0Number of asset objects unloaded after import = 1

========================================================================
Received Import Request.
  Time since last request: 0.000026 seconds.
  path: Assets/Tutorials/Media/2.7 Move The Orange Box.webm
  artifactKey: Guid(bad8788ab67631f458d2ddf72a88e802) Importer(2089858483,b0f066a214c2f5e87bad3c948f4d605d)
Start importing Assets/Tutorials/Media/2.7 Move The Orange Box.webm using Guid(bad8788ab67631f458d2ddf72a88e802) Importer(2089858483,b0f066a214c2f5e87bad3c948f4d605d) (ScriptedImporter) -> (artifact id: '823f8e0debdc5ec2e34b1a350d4d89e0') in 0.0134084 seconds
Number of updated asset objects reloaded before import = 0Number of asset objects unloaded after import = 1

========================================================================
Received Import Request.
  Time since last request: 0.000015 seconds.
  path: Assets/SourceFiles/Textures/Repeating Tiles/Candy_Normal.png
  artifactKey: Guid(c0f1dd57febbc204e8e5bd604f96072e) Importer(2089858483,b0f066a214c2f5e87bad3c948f4d605d)
Start importing Assets/SourceFiles/Textures/Repeating Tiles/Candy_Normal.png using Guid(c0f1dd57febbc204e8e5bd604f96072e) Importer(2089858483,b0f066a214c2f5e87bad3c948f4d605d) (ScriptedImporter) -> (artifact id: '1468c3b028932a4407a4b2bfc9372736') in 0.0289081 seconds
Number of updated asset objects reloaded before import = 0Number of asset objects unloaded after import = 1

========================================================================
Received Import Request.
  Time since last request: 0.000014 seconds.
  path: Assets/SourceFiles/Textures/Repeating Tiles/Circuit_Albedo.mat
  artifactKey: Guid(faec9c705bd8d4f888f43c587891a445) Importer(2089858483,b0f066a214c2f5e87bad3c948f4d605d)
Start importing Assets/SourceFiles/Textures/Repeating Tiles/Circuit_Albedo.mat using Guid(faec9c705bd8d4f888f43c587891a445) Importer(2089858483,b0f066a214c2f5e87bad3c948f4d605d) (ScriptedImporter) -> (artifact id: 'be74c36b39039b726155843abd16c7b9') in 0.0280513 seconds
Number of updated asset objects reloaded before import = 0Number of asset objects unloaded after import = 2

========================================================================
Received Import Request.
  Time since last request: 0.000022 seconds.
  path: Assets/Materials/Material_GoldGlow.mat
  artifactKey: Guid(4adec1c6cb9828545bcd4b50263f1601) Importer(2089858483,b0f066a214c2f5e87bad3c948f4d605d)
Start importing Assets/Materials/Material_GoldGlow.mat using Guid(4adec1c6cb9828545bcd4b50263f1601) Importer(2089858483,b0f066a214c2f5e87bad3c948f4d605d) (ScriptedImporter) -> (artifact id: '38cf68ba94183b81ef7d617ba46927b4') in 0.0148097 seconds
Number of updated asset objects reloaded before import = 0Number of asset objects unloaded after import = 1

========================================================================
Received Import Request.
  Time since last request: 0.000027 seconds.
  path: Assets/Materials/Material_Simple_BlueLight.mat
  artifactKey: Guid(746db0470e7b3fd42ac190d205244cd4) Importer(2089858483,b0f066a214c2f5e87bad3c948f4d605d)
Start importing Assets/Materials/Material_Simple_BlueLight.mat using Guid(746db0470e7b3fd42ac190d205244cd4) Importer(2089858483,b0f066a214c2f5e87bad3c948f4d605d) (ScriptedImporter) -> (artifact id: '18341489a8b08d88ee49496a657133a0') in 0.0197062 seconds
Number of updated asset objects reloaded before import = 0Number of asset objects unloaded after import = 1

========================================================================
Received Import Request.
  Time since last request: 0.000019 seconds.
  path: Assets/SourceFiles/Textures/Repeating Tiles/Candy_Albedo.png
  artifactKey: Guid(0e0dd532fc656bb4494ee9c0813a49da) Importer(2089858483,b0f066a214c2f5e87bad3c948f4d605d)
Start importing Assets/SourceFiles/Textures/Repeating Tiles/Candy_Albedo.png using Guid(0e0dd532fc656bb4494ee9c0813a49da) Importer(2089858483,b0f066a214c2f5e87bad3c948f4d605d) (ScriptedImporter) -> (artifact id: '3f5cc6c2bcf23e51192877a949c6afda') in 0.0228865 seconds
Number of updated asset objects reloaded before import = 0Number of asset objects unloaded after import = 1

========================================================================
Received Import Request.
  Time since last request: 0.000015 seconds.
  path: Assets/SourceFiles/Textures/Grid/Grid_01_Normal.png
  artifactKey: Guid(c5c221ed57a3bf6488f8eba0db28a004) Importer(2089858483,b0f066a214c2f5e87bad3c948f4d605d)
Start importing Assets/SourceFiles/Textures/Grid/Grid_01_Normal.png using Guid(c5c221ed57a3bf6488f8eba0db28a004) Importer(2089858483,b0f066a214c2f5e87bad3c948f4d605d) (ScriptedImporter) -> (artifact id: '9ce7f31f4506fbcf2d01b2165c01223b') in 0.0218757 seconds
Number of updated asset objects reloaded before import = 0Number of asset objects unloaded after import = 1

========================================================================
Received Import Request.
  Time since last request: 0.000024 seconds.
  path: Assets/SourceFiles/Textures/Repeating Tiles/FootPrintSand_Normal.png
  artifactKey: Guid(05e399b8a5fcedc4780ca7dcd5f4dff7) Importer(2089858483,b0f066a214c2f5e87bad3c948f4d605d)
Start importing Assets/SourceFiles/Textures/Repeating Tiles/FootPrintSand_Normal.png using Guid(05e399b8a5fcedc4780ca7dcd5f4dff7) Importer(2089858483,b0f066a214c2f5e87bad3c948f4d605d) (ScriptedImporter) -> (artifact id: '90c4d16d9b3d487f787016da5257e281') in 0.0304129 seconds
Number of updated asset objects reloaded before import = 0Number of asset objects unloaded after import = 1

========================================================================
Received Import Request.
  Time since last request: 0.000047 seconds.
  path: Assets/SourceFiles/Textures/Repeating Tiles/GrassBushyThick_Albedo.tif
  artifactKey: Guid(c5fb851eae6c1fa478bee04155c8ab72) Importer(2089858483,b0f066a214c2f5e87bad3c948f4d605d)
Start importing Assets/SourceFiles/Textures/Repeating Tiles/GrassBushyThick_Albedo.tif using Guid(c5fb851eae6c1fa478bee04155c8ab72) Importer(2089858483,b0f066a214c2f5e87bad3c948f4d605d) (ScriptedImporter) -> (artifact id: '2bdcba5d868bb1e0982fa4f235db2e4b') in 0.0306702 seconds
Number of updated asset objects reloaded before import = 0Number of asset objects unloaded after import = 1

========================================================================
Received Import Request.
  Time since last request: 0.000016 seconds.
  path: Assets/SourceFiles/Settings/UniversalRenderPipelineGlobalSettings.asset
  artifactKey: Guid(18dc0cd2c080841dea60987a38ce93fa) Importer(2089858483,b0f066a214c2f5e87bad3c948f4d605d)
Start importing Assets/SourceFiles/Settings/UniversalRenderPipelineGlobalSettings.asset using Guid(18dc0cd2c080841dea60987a38ce93fa) Importer(2089858483,b0f066a214c2f5e87bad3c948f4d605d) (ScriptedImporter) -> (artifact id: 'e9f69933613404bd974600d80e6e8538') in 0.1244209 seconds
Number of updated asset objects reloaded before import = 0Number of asset objects unloaded after import = 0

========================================================================
Received Import Request.
  Time since last request: 0.000019 seconds.
  path: Assets/Tutorials/Settings/Default Styles - Large Font.asset
  artifactKey: Guid(524b9915001f74db09a5fb00cbb109ed) Importer(2089858483,b0f066a214c2f5e87bad3c948f4d605d)
Start importing Assets/Tutorials/Settings/Default Styles - Large Font.asset using Guid(524b9915001f74db09a5fb00cbb109ed) Importer(2089858483,b0f066a214c2f5e87bad3c948f4d605d) (ScriptedImporter) -> (artifact id: 'b92197e94c18e88861e9bbe9ed36e94d') in 0.0188856 seconds
Number of updated asset objects reloaded before import = 0Number of asset objects unloaded after import = 7

========================================================================
Received Import Request.
  Time since last request: 0.000024 seconds.
  path: Assets/SourceFiles/Textures/Repeating Tiles/GrassBushyThick_Normal.tif
  artifactKey: Guid(9b9780af0fd400644bd1cb3fede6368d) Importer(2089858483,b0f066a214c2f5e87bad3c948f4d605d)
Start importing Assets/SourceFiles/Textures/Repeating Tiles/GrassBushyThick_Normal.tif using Guid(9b9780af0fd400644bd1cb3fede6368d) Importer(2089858483,b0f066a214c2f5e87bad3c948f4d605d) (ScriptedImporter) -> (artifact id: '53c70925167bc93a213af18b130868e9') in 0.0275354 seconds
Number of updated asset objects reloaded before import = 0Number of asset objects unloaded after import = 1

========================================================================
Received Import Request.
  Time since last request: 0.000015 seconds.
  path: Assets/SourceFiles/Textures/Repeating Tiles/Moon_height.png
  artifactKey: Guid(cc1a9a0d37b7b674f8c2e5b4e37c90d6) Importer(2089858483,b0f066a214c2f5e87bad3c948f4d605d)
Start importing Assets/SourceFiles/Textures/Repeating Tiles/Moon_height.png using Guid(cc1a9a0d37b7b674f8c2e5b4e37c90d6) Importer(2089858483,b0f066a214c2f5e87bad3c948f4d605d) (ScriptedImporter) -> (artifact id: '7f152ecfc127989c67078a05c923f3da') in 0.0347262 seconds
Number of updated asset objects reloaded before import = 0Number of asset objects unloaded after import = 1

========================================================================
Received Import Request.
  Time since last request: 0.000018 seconds.
  path: Assets/Tutorials/t1_Interface/s1.8_Reposition the robot.asset
  artifactKey: Guid(8c8e462fbc7fc3945ace65347eaf6544) Importer(2089858483,b0f066a214c2f5e87bad3c948f4d605d)
Start importing Assets/Tutorials/t1_Interface/s1.8_Reposition the robot.asset using Guid(8c8e462fbc7fc3945ace65347eaf6544) Importer(2089858483,b0f066a214c2f5e87bad3c948f4d605d) (ScriptedImporter) -> (artifact id: '5c0c6290612a89a4585cf745776bb16c') in 0.017213 seconds
Number of updated asset objects reloaded before import = 0Number of asset objects unloaded after import = 2

========================================================================
Received Import Request.
  Time since last request: 0.000028 seconds.
  path: Assets/Tutorials/Media/4.3 Build.webm
  artifactKey: Guid(d303f8b062c94b0469b88a68d9f80bad) Importer(2089858483,b0f066a214c2f5e87bad3c948f4d605d)
Start importing Assets/Tutorials/Media/4.3 Build.webm using Guid(d303f8b062c94b0469b88a68d9f80bad) Importer(2089858483,b0f066a214c2f5e87bad3c948f4d605d) (ScriptedImporter) -> (artifact id: 'eda984ed5fae30d0f397ffe5374273da') in 0.0146124 seconds
Number of updated asset objects reloaded before import = 0Number of asset objects unloaded after import = 1

========================================================================
Received Import Request.
  Time since last request: 0.000016 seconds.
  path: Assets/Materials/Material_HexagonPurple.mat
  artifactKey: Guid(b82373455e2376948880050c3fd40997) Importer(2089858483,b0f066a214c2f5e87bad3c948f4d605d)
Start importing Assets/Materials/Material_HexagonPurple.mat using Guid(b82373455e2376948880050c3fd40997) Importer(2089858483,b0f066a214c2f5e87bad3c948f4d605d) (ScriptedImporter) -> (artifact id: 'd8af8b52ed0fdf36e8f6c58b666155c3') in 0.0731888 seconds
Number of updated asset objects reloaded before import = 0Number of asset objects unloaded after import = 4

========================================================================
Received Import Request.
  Time since last request: 0.000021 seconds.
  path: Assets/SourceFiles/Textures/Repeating Tiles/Runes_Emission.png
  artifactKey: Guid(dd08d5825c4530c4ba6ccbeb781e12d6) Importer(2089858483,b0f066a214c2f5e87bad3c948f4d605d)
Start importing Assets/SourceFiles/Textures/Repeating Tiles/Runes_Emission.png using Guid(dd08d5825c4530c4ba6ccbeb781e12d6) Importer(2089858483,b0f066a214c2f5e87bad3c948f4d605d) (ScriptedImporter) -> (artifact id: '3f926cc25474883a1aa8d5840244ea80') in 0.0273977 seconds
Number of updated asset objects reloaded before import = 0Number of asset objects unloaded after import = 1

========================================================================
Received Import Request.
  Time since last request: 0.000044 seconds.
  path: Assets/SourceFiles/Textures/Repeating Tiles/SandTroddenRed_Albedo.tif
  artifactKey: Guid(a421cae18c0522f47bbbec45be02770a) Importer(2089858483,b0f066a214c2f5e87bad3c948f4d605d)
Start importing Assets/SourceFiles/Textures/Repeating Tiles/SandTroddenRed_Albedo.tif using Guid(a421cae18c0522f47bbbec45be02770a) Importer(2089858483,b0f066a214c2f5e87bad3c948f4d605d) (ScriptedImporter) -> (artifact id: '4d6dd7c0d33fcb5c3cc45739968551f7') in 0.0207681 seconds
Number of updated asset objects reloaded before import = 0Number of asset objects unloaded after import = 1

========================================================================
Received Import Request.
  Time since last request: 0.000018 seconds.
  path: Assets/SourceFiles/Textures/Repeating Tiles/Runes_Albedo.png
  artifactKey: Guid(714859f8d8dbcf940bf627f7acd7a6b8) Importer(2089858483,b0f066a214c2f5e87bad3c948f4d605d)
Start importing Assets/SourceFiles/Textures/Repeating Tiles/Runes_Albedo.png using Guid(714859f8d8dbcf940bf627f7acd7a6b8) Importer(2089858483,b0f066a214c2f5e87bad3c948f4d605d) (ScriptedImporter) -> (artifact id: '1062162410f62847eb867b2f4fe3383c') in 0.0212803 seconds
Number of updated asset objects reloaded before import = 0Number of asset objects unloaded after import = 1

========================================================================
Received Import Request.
  Time since last request: 0.000016 seconds.
  path: Assets/SourceFiles/Textures/Repeating Tiles/Moon_Normal.png
  artifactKey: Guid(bc14c55d2e817104c816134d98e507c0) Importer(2089858483,b0f066a214c2f5e87bad3c948f4d605d)
Start importing Assets/SourceFiles/Textures/Repeating Tiles/Moon_Normal.png using Guid(bc14c55d2e817104c816134d98e507c0) Importer(2089858483,b0f066a214c2f5e87bad3c948f4d605d) (ScriptedImporter) -> (artifact id: 'cc0cd74ff21e0deedfa5c3b3e07fef66') in 0.0495917 seconds
Number of updated asset objects reloaded before import = 0Number of asset objects unloaded after import = 1

========================================================================
Received Import Request.
  Time since last request: 0.000019 seconds.
  path: Assets/SourceFiles/Models/Box_350x250x300_Mesh.fbx
  artifactKey: Guid(d2f0da3998423f44594868ffed55c3e6) Importer(2089858483,b0f066a214c2f5e87bad3c948f4d605d)
Start importing Assets/SourceFiles/Models/Box_350x250x300_Mesh.fbx using Guid(d2f0da3998423f44594868ffed55c3e6) Importer(2089858483,b0f066a214c2f5e87bad3c948f4d605d) (ScriptedImporter) -> (artifact id: '9e6ad16ac778175af0d138d08574dcd5') in 0.0369811 seconds
Number of updated asset objects reloaded before import = 0Number of asset objects unloaded after import = 8

========================================================================
Received Import Request.
  Time since last request: 0.000032 seconds.
  path: Assets/SourceFiles/Textures/Repeating Tiles/Tile_CheckerBoard_Albedo.png
  artifactKey: Guid(1209a9bcf1f69fc4693e6b62fb67c319) Importer(2089858483,b0f066a214c2f5e87bad3c948f4d605d)
Start importing Assets/SourceFiles/Textures/Repeating Tiles/Tile_CheckerBoard_Albedo.png using Guid(1209a9bcf1f69fc4693e6b62fb67c319) Importer(2089858483,b0f066a214c2f5e87bad3c948f4d605d) (ScriptedImporter) -> (artifact id: '7a2637d9d4262d9bd532d6a8574c2885') in 0.0377548 seconds
Number of updated asset objects reloaded before import = 0Number of asset objects unloaded after import = 1

========================================================================
Received Import Request.
  Time since last request: 0.000015 seconds.
  path: Assets/SourceFiles/Textures/Repeating Tiles/Tile_CheckerBoard_BW.png
  artifactKey: Guid(307a27bcb20b6da408ca9af4d27a6ed6) Importer(2089858483,b0f066a214c2f5e87bad3c948f4d605d)
Start importing Assets/SourceFiles/Textures/Repeating Tiles/Tile_CheckerBoard_BW.png using Guid(307a27bcb20b6da408ca9af4d27a6ed6) Importer(2089858483,b0f066a214c2f5e87bad3c948f4d605d) (ScriptedImporter) -> (artifact id: '55ac6907b5cfa548e7190626f189f25b') in 0.0326588 seconds
Number of updated asset objects reloaded before import = 0Number of asset objects unloaded after import = 1

========================================================================
Received Import Request.
  Time since last request: 0.000018 seconds.
  path: Assets/SourceFiles/Textures/Repeating Tiles/SandWavey_Albedo.tif
  artifactKey: Guid(b5e9e889454a4054d89a2ae74b204aa1) Importer(2089858483,b0f066a214c2f5e87bad3c948f4d605d)
Start importing Assets/SourceFiles/Textures/Repeating Tiles/SandWavey_Albedo.tif using Guid(b5e9e889454a4054d89a2ae74b204aa1) Importer(2089858483,b0f066a214c2f5e87bad3c948f4d605d) (ScriptedImporter) -> (artifact id: 'efcbe749dc6ddef62231e081f0b1fa52') in 0.0328743 seconds
Number of updated asset objects reloaded before import = 0Number of asset objects unloaded after import = 1

========================================================================
Received Import Request.
  Time since last request: 0.000027 seconds.
  path: Assets/Tutorials/t2_Fundamentals/s2.2_Change a material.asset
  artifactKey: Guid(db2df8ed3b9b1c34ab37c133e34ce7b3) Importer(2089858483,b0f066a214c2f5e87bad3c948f4d605d)
Start importing Assets/Tutorials/t2_Fundamentals/s2.2_Change a material.asset using Guid(db2df8ed3b9b1c34ab37c133e34ce7b3) Importer(2089858483,b0f066a214c2f5e87bad3c948f4d605d) (ScriptedImporter) -> (artifact id: '6d83d97299bea1c1210e252b1d9bfe7e') in 0.0227056 seconds
Number of updated asset objects reloaded before import = 0Number of asset objects unloaded after import = 2

========================================================================
Received Import Request.
  Time since last request: 0.000015 seconds.
  path: Assets/SourceFiles/Textures/Repeating Tiles/Tile_Grass.png
  artifactKey: Guid(730c4f1305cb76343a42059f4d529914) Importer(2089858483,b0f066a214c2f5e87bad3c948f4d605d)
Start importing Assets/SourceFiles/Textures/Repeating Tiles/Tile_Grass.png using Guid(730c4f1305cb76343a42059f4d529914) Importer(2089858483,b0f066a214c2f5e87bad3c948f4d605d) (ScriptedImporter) -> (artifact id: '4ec2a422f61a6bcd9dff03d29fa67a9d') in 0.020926 seconds
Number of updated asset objects reloaded before import = 0Number of asset objects unloaded after import = 1

========================================================================
Received Import Request.
  Time since last request: 0.000014 seconds.
  path: Assets/SourceFiles/Textures/Repeating Tiles/Tile_Grass_height.png
  artifactKey: Guid(54ca30d1755246d479264eb0185989f6) Importer(2089858483,b0f066a214c2f5e87bad3c948f4d605d)
Start importing Assets/SourceFiles/Textures/Repeating Tiles/Tile_Grass_height.png using Guid(54ca30d1755246d479264eb0185989f6) Importer(2089858483,b0f066a214c2f5e87bad3c948f4d605d) (ScriptedImporter) -> (artifact id: '75aba1b3db1834ad7da351a026492520') in 0.0378333 seconds
Number of updated asset objects reloaded before import = 0Number of asset objects unloaded after import = 1

========================================================================
Received Import Request.
  Time since last request: 0.000021 seconds.
  path: Assets/SourceFiles/Textures/Repeating Tiles/Moon_Albedo.png
  artifactKey: Guid(3e88958cb2636a04ea2e010b6fb1ebf2) Importer(2089858483,b0f066a214c2f5e87bad3c948f4d605d)
Start importing Assets/SourceFiles/Textures/Repeating Tiles/Moon_Albedo.png using Guid(3e88958cb2636a04ea2e010b6fb1ebf2) Importer(2089858483,b0f066a214c2f5e87bad3c948f4d605d) (ScriptedImporter) -> (artifact id: '9758f184df3b83f9086b7c1efb52628e') in 0.0288733 seconds
Number of updated asset objects reloaded before import = 0Number of asset objects unloaded after import = 1

========================================================================
Received Import Request.
  Time since last request: 0.000023 seconds.
  path: Assets/VFX/VFX_Snow.prefab
  artifactKey: Guid(d420fe1edafc9485c9c263c2e8523483) Importer(2089858483,b0f066a214c2f5e87bad3c948f4d605d)
Start importing Assets/VFX/VFX_Snow.prefab using Guid(d420fe1edafc9485c9c263c2e8523483) Importer(2089858483,b0f066a214c2f5e87bad3c948f4d605d) (ScriptedImporter) -> (artifact id: '70a50e354343519e7c0e33f3d062b609') in 0.0485564 seconds
Number of updated asset objects reloaded before import = 0Number of asset objects unloaded after import = 6

========================================================================
Received Import Request.
  Time since last request: 0.000019 seconds.
  path: Assets/TextMesh Pro/Resources/LineBreaking Following Characters.txt
  artifactKey: Guid(fade42e8bc714b018fac513c043d323b) Importer(2089858483,b0f066a214c2f5e87bad3c948f4d605d)
Start importing Assets/TextMesh Pro/Resources/LineBreaking Following Characters.txt using Guid(fade42e8bc714b018fac513c043d323b) Importer(2089858483,b0f066a214c2f5e87bad3c948f4d605d) (ScriptedImporter) -> (artifact id: '8f4d348381616082a979b6723621e92f') in 0.0130996 seconds
Number of updated asset objects reloaded before import = 0Number of asset objects unloaded after import = 1

========================================================================
Received Import Request.
  Time since last request: 0.000016 seconds.
  path: Assets/Tutorials/t3_Explore/s3.2_Animation.asset
  artifactKey: Guid(c09b902499c874fbc96d4d504a11269a) Importer(2089858483,b0f066a214c2f5e87bad3c948f4d605d)
Start importing Assets/Tutorials/t3_Explore/s3.2_Animation.asset using Guid(c09b902499c874fbc96d4d504a11269a) Importer(2089858483,b0f066a214c2f5e87bad3c948f4d605d) (ScriptedImporter) -> (artifact id: '0c9f2fe3e088995e236c499cba0b9de1') in 0.0232226 seconds
Number of updated asset objects reloaded before import = 0Number of asset objects unloaded after import = 3

========================================================================
Received Import Request.
  Time since last request: 0.000022 seconds.
  path: Assets/Scenes/GetStarted_Scene.unity
  artifactKey: Guid(6888813f2bd9e4521b9b1343abf0c60f) Importer(2089858483,b0f066a214c2f5e87bad3c948f4d605d)
Start importing Assets/Scenes/GetStarted_Scene.unity using Guid(6888813f2bd9e4521b9b1343abf0c60f) Importer(2089858483,b0f066a214c2f5e87bad3c948f4d605d) (ScriptedImporter) -> (artifact id: '22ef9ff67fcd12732c684dda3ae567d1') in 0.0127797 seconds
Number of updated asset objects reloaded before import = 0Number of asset objects unloaded after import = 1

========================================================================
Received Import Request.
  Time since last request: 0.000040 seconds.
  path: Assets/Tutorials/t3_Explore/s3.5_Add some lights.asset
  artifactKey: Guid(1974a190db901a747bd2a1dc20d95df6) Importer(2089858483,b0f066a214c2f5e87bad3c948f4d605d)
Start importing Assets/Tutorials/t3_Explore/s3.5_Add some lights.asset using Guid(1974a190db901a747bd2a1dc20d95df6) Importer(2089858483,b0f066a214c2f5e87bad3c948f4d605d) (ScriptedImporter) -> (artifact id: '419eceb7ea5f8ca411623999ba54b944') in 0.0158407 seconds
Number of updated asset objects reloaded before import = 0Number of asset objects unloaded after import = 2

========================================================================
Received Import Request.
  Time since last request: 0.000015 seconds.
  path: Assets/Tutorials/t4_Share/s4.4_Publish to Unity Play.asset
  artifactKey: Guid(e3462a524e8834f258622ae7f827f408) Importer(2089858483,b0f066a214c2f5e87bad3c948f4d605d)
Start importing Assets/Tutorials/t4_Share/s4.4_Publish to Unity Play.asset using Guid(e3462a524e8834f258622ae7f827f408) Importer(2089858483,b0f066a214c2f5e87bad3c948f4d605d) (ScriptedImporter) -> (artifact id: '6c4871f6eba0cf5f7ae89746b815813f') in 0.01691 seconds
Number of updated asset objects reloaded before import = 0Number of asset objects unloaded after import = 2

========================================================================
Received Import Request.
  Time since last request: 0.000017 seconds.
  path: Assets/SourceFiles/Settings/PC_RPAsset.asset
  artifactKey: Guid(4b83569d67af61e458304325a23e5dfd) Importer(2089858483,b0f066a214c2f5e87bad3c948f4d605d)
Start importing Assets/SourceFiles/Settings/PC_RPAsset.asset using Guid(4b83569d67af61e458304325a23e5dfd) Importer(2089858483,b0f066a214c2f5e87bad3c948f4d605d) (ScriptedImporter) -> (artifact id: '697043e441bb4abb4e999ba2e1545880') in 0.0222938 seconds
Number of updated asset objects reloaded before import = 0Number of asset objects unloaded after import = 1

========================================================================
Received Import Request.
  Time since last request: 0.000024 seconds.
  path: Assets/SourceFiles/Settings/Mobile_Renderer.asset
  artifactKey: Guid(65bc7dbf4170f435aa868c779acfb082) Importer(2089858483,b0f066a214c2f5e87bad3c948f4d605d)
Start importing Assets/SourceFiles/Settings/Mobile_Renderer.asset using Guid(65bc7dbf4170f435aa868c779acfb082) Importer(2089858483,b0f066a214c2f5e87bad3c948f4d605d) (ScriptedImporter) -> (artifact id: '8af27d6cba411d44e394887fd2c844a0') in 0.0172581 seconds
Number of updated asset objects reloaded before import = 0Number of asset objects unloaded after import = 2

========================================================================
Received Import Request.
  Time since last request: 0.000027 seconds.
  path: Assets/SourceFiles/Textures/Repeating Tiles/Tile_Hexagon_BW.png
  artifactKey: Guid(03fdd14faa97e054fb96328c71bb374b) Importer(2089858483,b0f066a214c2f5e87bad3c948f4d605d)
Start importing Assets/SourceFiles/Textures/Repeating Tiles/Tile_Hexagon_BW.png using Guid(03fdd14faa97e054fb96328c71bb374b) Importer(2089858483,b0f066a214c2f5e87bad3c948f4d605d) (ScriptedImporter) -> (artifact id: '290214824e08b679cc3aa7408057f936') in 0.0297831 seconds
Number of updated asset objects reloaded before import = 0Number of asset objects unloaded after import = 1

========================================================================
Received Import Request.
  Time since last request: 0.000021 seconds.
  path: Assets/SourceFiles/Textures/Skyboxes/SkyNight.png
  artifactKey: Guid(97f277ffa4e22274e9a5f314096ae459) Importer(2089858483,b0f066a214c2f5e87bad3c948f4d605d)
Start importing Assets/SourceFiles/Textures/Skyboxes/SkyNight.png using Guid(97f277ffa4e22274e9a5f314096ae459) Importer(2089858483,b0f066a214c2f5e87bad3c948f4d605d) (ScriptedImporter) -> (artifact id: '6cbee169b1b6efbd7bee4c339dae3597') in 0.0663766 seconds
Number of updated asset objects reloaded before import = 0Number of asset objects unloaded after import = 1

========================================================================
Received Import Request.
  Time since last request: 0.000018 seconds.
  path: Assets/SourceFiles/Textures/Repeating Tiles/Tile_Hexagon_Grey_Albedo.png
  artifactKey: Guid(463c2a85573115849843ab7b003daf1d) Importer(2089858483,b0f066a214c2f5e87bad3c948f4d605d)
Start importing Assets/SourceFiles/Textures/Repeating Tiles/Tile_Hexagon_Grey_Albedo.png using Guid(463c2a85573115849843ab7b003daf1d) Importer(2089858483,b0f066a214c2f5e87bad3c948f4d605d) (ScriptedImporter) -> (artifact id: '18be77abee04f9242d64e27112b3f4cf') in 0.0220854 seconds
Number of updated asset objects reloaded before import = 0Number of asset objects unloaded after import = 1

========================================================================
Received Import Request.
  Time since last request: 0.000026 seconds.
  path: Assets/SourceFiles/Textures/Repeating Tiles/Tile_Grass_normal.png
  artifactKey: Guid(9a038231c9ed1ca4f97935e6c4257a48) Importer(2089858483,b0f066a214c2f5e87bad3c948f4d605d)
Start importing Assets/SourceFiles/Textures/Repeating Tiles/Tile_Grass_normal.png using Guid(9a038231c9ed1ca4f97935e6c4257a48) Importer(2089858483,b0f066a214c2f5e87bad3c948f4d605d) (ScriptedImporter) -> (artifact id: 'f37fb76f8436c5653cd9c07fb59d4bfe') in 0.021066 seconds
Number of updated asset objects reloaded before import = 0Number of asset objects unloaded after import = 1

========================================================================
Received Import Request.
  Time since last request: 0.000015 seconds.
  path: Assets/SourceFiles/Textures/Repeating Tiles/Tile_NightSky.png
  artifactKey: Guid(c3e826ae73d15d240bb0f6c108f914da) Importer(2089858483,b0f066a214c2f5e87bad3c948f4d605d)
Start importing Assets/SourceFiles/Textures/Repeating Tiles/Tile_NightSky.png using Guid(c3e826ae73d15d240bb0f6c108f914da) Importer(2089858483,b0f066a214c2f5e87bad3c948f4d605d) (ScriptedImporter) -> (artifact id: 'f73330900de5226198ba3cbca07b2e3c') in 0.0223629 seconds
Number of updated asset objects reloaded before import = 0Number of asset objects unloaded after import = 1

========================================================================
Received Import Request.
  Time since last request: 0.000020 seconds.
  path: Assets/SourceFiles/Textures/Skyboxes/SkySunSet.png
  artifactKey: Guid(c7fde95730c7e7542bc1169a9e4638f5) Importer(2089858483,b0f066a214c2f5e87bad3c948f4d605d)
Start importing Assets/SourceFiles/Textures/Skyboxes/SkySunSet.png using Guid(c7fde95730c7e7542bc1169a9e4638f5) Importer(2089858483,b0f066a214c2f5e87bad3c948f4d605d) (ScriptedImporter) -> (artifact id: '686e4d16b86c3873828d9ec844b9b60c') in 0.061879 seconds
Number of updated asset objects reloaded before import = 0Number of asset objects unloaded after import = 1

========================================================================
Received Import Request.
  Time since last request: 0.000019 seconds.
  path: Assets/SourceFiles/TimmyRobot/Sfx/Player_Footstep_01.wav
  artifactKey: Guid(72f526a6a9890f643a88e85a61c86c8a) Importer(2089858483,b0f066a214c2f5e87bad3c948f4d605d)
Start importing Assets/SourceFiles/TimmyRobot/Sfx/Player_Footstep_01.wav using Guid(72f526a6a9890f643a88e85a61c86c8a) Importer(2089858483,b0f066a214c2f5e87bad3c948f4d605d) (ScriptedImporter) -> (artifact id: '19edcfdaf174c4a39bd7fb4f3617c78a') in 0.0479552 seconds
Number of updated asset objects reloaded before import = 0Number of asset objects unloaded after import = 1

========================================================================
Received Import Request.
  Time since last request: 0.000027 seconds.
  path: Assets/SourceFiles/Textures/Repeating Tiles/Tile_Hexagon_AO.png
  artifactKey: Guid(47468082b1f3ed0468b9863f07648622) Importer(2089858483,b0f066a214c2f5e87bad3c948f4d605d)
Start importing Assets/SourceFiles/Textures/Repeating Tiles/Tile_Hexagon_AO.png using Guid(47468082b1f3ed0468b9863f07648622) Importer(2089858483,b0f066a214c2f5e87bad3c948f4d605d) (ScriptedImporter) -> (artifact id: 'bbf4cca04a81376ca343ab7bf12f6d95') in 0.0255467 seconds
Number of updated asset objects reloaded before import = 0Number of asset objects unloaded after import = 1

========================================================================
Received Import Request.
  Time since last request: 0.000017 seconds.
  path: Assets/Prefabs/Moving_Platform.prefab
  artifactKey: Guid(e42ada2c1e0e74736940be821b5ebe21) Importer(2089858483,b0f066a214c2f5e87bad3c948f4d605d)
Start importing Assets/Prefabs/Moving_Platform.prefab using Guid(e42ada2c1e0e74736940be821b5ebe21) Importer(2089858483,b0f066a214c2f5e87bad3c948f4d605d) (ScriptedImporter) -> (artifact id: '25cc707f7d23b77f038de96b3f801f44') in 0.0424376 seconds
Number of updated asset objects reloaded before import = 0Number of asset objects unloaded after import = 14

========================================================================
Received Import Request.
  Time since last request: 0.000021 seconds.
  path: Assets/SourceFiles/Textures/Repeating Tiles/Runes_Normal.png
  artifactKey: Guid(f3aecf2ba65a7f5479183372eefe2b4e) Importer(2089858483,b0f066a214c2f5e87bad3c948f4d605d)
Start importing Assets/SourceFiles/Textures/Repeating Tiles/Runes_Normal.png using Guid(f3aecf2ba65a7f5479183372eefe2b4e) Importer(2089858483,b0f066a214c2f5e87bad3c948f4d605d) (ScriptedImporter) -> (artifact id: 'f4d2005c197e2882106ba0bea532321f') in 0.0224595 seconds
Number of updated asset objects reloaded before import = 0Number of asset objects unloaded after import = 1

========================================================================
Received Import Request.
  Time since last request: 0.000026 seconds.
  path: Assets/SourceFiles/TimmyRobot/Sfx/Player_Footstep_05.wav
  artifactKey: Guid(14e8a8d2158bec840b56c54f5266e692) Importer(2089858483,b0f066a214c2f5e87bad3c948f4d605d)
Start importing Assets/SourceFiles/TimmyRobot/Sfx/Player_Footstep_05.wav using Guid(14e8a8d2158bec840b56c54f5266e692) Importer(2089858483,b0f066a214c2f5e87bad3c948f4d605d) (ScriptedImporter) -> (artifact id: '28b9f227d9de7d42903c643a8f263b9f') in 0.025965 seconds
Number of updated asset objects reloaded before import = 0Number of asset objects unloaded after import = 1

========================================================================
Received Import Request.
  Time since last request: 0.000018 seconds.
  path: Assets/SourceFiles/TimmyRobot/Sfx/Player_Footstep_07.wav
  artifactKey: Guid(dd1af302b8902684d9381de1f2d3a5af) Importer(2089858483,b0f066a214c2f5e87bad3c948f4d605d)
Start importing Assets/SourceFiles/TimmyRobot/Sfx/Player_Footstep_07.wav using Guid(dd1af302b8902684d9381de1f2d3a5af) Importer(2089858483,b0f066a214c2f5e87bad3c948f4d605d) (ScriptedImporter) -> (artifact id: '678ac1037850ac0af299666758328376') in 0.0296157 seconds
Number of updated asset objects reloaded before import = 0Number of asset objects unloaded after import = 1

========================================================================
Received Import Request.
  Time since last request: 0.000016 seconds.
  path: Assets/SourceFiles/Textures/Objects/Texture_Props.png
  artifactKey: Guid(b4673ab5142fd4f84b243dfe4aeafe4b) Importer(2089858483,b0f066a214c2f5e87bad3c948f4d605d)
Start importing Assets/SourceFiles/Textures/Objects/Texture_Props.png using Guid(b4673ab5142fd4f84b243dfe4aeafe4b) Importer(2089858483,b0f066a214c2f5e87bad3c948f4d605d) (ScriptedImporter) -> (artifact id: '2127ef3a5c684010acf1579f4064cbdf') in 0.0321564 seconds
Number of updated asset objects reloaded before import = 0Number of asset objects unloaded after import = 1

========================================================================
Received Import Request.
  Time since last request: 0.000054 seconds.
  path: Assets/SourceFiles/Textures/Grid/Grid_02_BaseMap.png
  artifactKey: Guid(d9c0dd5cdac07b145be73329e489869a) Importer(2089858483,b0f066a214c2f5e87bad3c948f4d605d)
Start importing Assets/SourceFiles/Textures/Grid/Grid_02_BaseMap.png using Guid(d9c0dd5cdac07b145be73329e489869a) Importer(2089858483,b0f066a214c2f5e87bad3c948f4d605d) (ScriptedImporter) -> (artifact id: 'c6a8d5e360f1a1cb82803a4c6a447e4d') in 0.022053 seconds
Number of updated asset objects reloaded before import = 0Number of asset objects unloaded after import = 1

========================================================================
Received Import Request.
  Time since last request: 0.000027 seconds.
  path: Assets/SourceFiles/Textures/Repeating Tiles/Tile_Hexagon_normal.png
  artifactKey: Guid(b799b22780ffd964b9900a1d917c320d) Importer(2089858483,b0f066a214c2f5e87bad3c948f4d605d)
Start importing Assets/SourceFiles/Textures/Repeating Tiles/Tile_Hexagon_normal.png using Guid(b799b22780ffd964b9900a1d917c320d) Importer(2089858483,b0f066a214c2f5e87bad3c948f4d605d) (ScriptedImporter) -> (artifact id: '452eb6070a0131feca64fdc049a58592') in 0.0219985 seconds
Number of updated asset objects reloaded before import = 0Number of asset objects unloaded after import = 1

========================================================================
Received Import Request.
  Time since last request: 0.000015 seconds.
  path: Assets/SourceFiles/TimmyRobot/Sfx/Player_Footstep_10.wav
  artifactKey: Guid(a3194b8bbc96ef84fab1f98f4b7dae3e) Importer(2089858483,b0f066a214c2f5e87bad3c948f4d605d)
Start importing Assets/SourceFiles/TimmyRobot/Sfx/Player_Footstep_10.wav using Guid(a3194b8bbc96ef84fab1f98f4b7dae3e) Importer(2089858483,b0f066a214c2f5e87bad3c948f4d605d) (ScriptedImporter) -> (artifact id: 'bf8cf222adf563778ba65aba52731a55') in 0.0302362 seconds
Number of updated asset objects reloaded before import = 0Number of asset objects unloaded after import = 1

========================================================================
Received Import Request.
  Time since last request: 0.000018 seconds.
  path: Assets/SourceFiles/TimmyRobot/Sfx/Player_Land.wav
  artifactKey: Guid(ff697d3070687ce4583faa0561a145a2) Importer(2089858483,b0f066a214c2f5e87bad3c948f4d605d)
Start importing Assets/SourceFiles/TimmyRobot/Sfx/Player_Land.wav using Guid(ff697d3070687ce4583faa0561a145a2) Importer(2089858483,b0f066a214c2f5e87bad3c948f4d605d) (ScriptedImporter) -> (artifact id: 'c6762d171ccffc332747c469226bf3dd') in 0.0311599 seconds
Number of updated asset objects reloaded before import = 0Number of asset objects unloaded after import = 1

========================================================================
Received Import Request.
  Time since last request: 0.000020 seconds.
  path: Assets/SourceFiles/TimmyRobot/Sfx/Player_Footstep_08.wav
  artifactKey: Guid(67c8b33e424ccdc4486edf538ab91c5a) Importer(2089858483,b0f066a214c2f5e87bad3c948f4d605d)
Start importing Assets/SourceFiles/TimmyRobot/Sfx/Player_Footstep_08.wav using Guid(67c8b33e424ccdc4486edf538ab91c5a) Importer(2089858483,b0f066a214c2f5e87bad3c948f4d605d) (ScriptedImporter) -> (artifact id: '82999d958bcd067d11593db23c01697a') in 0.0306715 seconds
Number of updated asset objects reloaded before import = 0Number of asset objects unloaded after import = 1

========================================================================
Received Import Request.
  Time since last request: 0.000606 seconds.
  path: Assets/SourceFiles/TimmyRobot/Materials/TimmyRobot.mat
  artifactKey: Guid(1cff5f7a6909e024595d600c0b5c1ac5) Importer(2089858483,b0f066a214c2f5e87bad3c948f4d605d)
Start importing Assets/SourceFiles/TimmyRobot/Materials/TimmyRobot.mat using Guid(1cff5f7a6909e024595d600c0b5c1ac5) Importer(2089858483,b0f066a214c2f5e87bad3c948f4d605d) (ScriptedImporter) -> (artifact id: 'ec211de6e50fb76b968990f1e8054be5') in 0.0290207 seconds
Number of updated asset objects reloaded before import = 0Number of asset objects unloaded after import = 2

========================================================================
Received Import Request.
  Time since last request: 0.000019 seconds.
  path: Assets/Tutorials/t3_Explore/s3.6_Audio.asset
  artifactKey: Guid(84b8dc4bb9da74f3b97606464072ac72) Importer(2089858483,b0f066a214c2f5e87bad3c948f4d605d)
Start importing Assets/Tutorials/t3_Explore/s3.6_Audio.asset using Guid(84b8dc4bb9da74f3b97606464072ac72) Importer(2089858483,b0f066a214c2f5e87bad3c948f4d605d) (ScriptedImporter) -> (artifact id: '21f398100181bf263b2213ac3ba7bf27') in 0.0246151 seconds
Number of updated asset objects reloaded before import = 0Number of asset objects unloaded after import = 2

========================================================================
Received Import Request.
  Time since last request: 0.000017 seconds.
  path: Assets/TextMesh Pro/Resources/Fonts & Materials/LiberationSans SDF - Drop Shadow.mat
  artifactKey: Guid(e73a58f6e2794ae7b1b7e50b7fb811b0) Importer(2089858483,b0f066a214c2f5e87bad3c948f4d605d)
Start importing Assets/TextMesh Pro/Resources/Fonts & Materials/LiberationSans SDF - Drop Shadow.mat using Guid(e73a58f6e2794ae7b1b7e50b7fb811b0) Importer(2089858483,b0f066a214c2f5e87bad3c948f4d605d) (ScriptedImporter) -> (artifact id: 'ed7948942e6aab609bfe9c78f522b82a') in 0.0319879 seconds
Number of updated asset objects reloaded before import = 0Number of asset objects unloaded after import = 3

========================================================================
Received Import Request.
  Time since last request: 0.000019 seconds.
  path: Assets/TextMesh Pro/Resources/Fonts & Materials/LiberationSans SDF.asset
  artifactKey: Guid(8f586378b4e144a9851e7b34d9b748ee) Importer(2089858483,b0f066a214c2f5e87bad3c948f4d605d)
Start importing Assets/TextMesh Pro/Resources/Fonts & Materials/LiberationSans SDF.asset using Guid(8f586378b4e144a9851e7b34d9b748ee) Importer(2089858483,b0f066a214c2f5e87bad3c948f4d605d) (ScriptedImporter) -> (artifact id: 'd088a6f7355ee6ae9e6b03df7ac00148') in 0.0575118 seconds
Number of updated asset objects reloaded before import = 0Number of asset objects unloaded after import = 9

========================================================================
Received Import Request.
  Time since last request: 0.000026 seconds.
  path: Assets/TextMesh Pro/Resources/Sprite Assets/EmojiOne.asset
  artifactKey: Guid(c41005c129ba4d66911b75229fd70b45) Importer(2089858483,b0f066a214c2f5e87bad3c948f4d605d)
Start importing Assets/TextMesh Pro/Resources/Sprite Assets/EmojiOne.asset using Guid(c41005c129ba4d66911b75229fd70b45) Importer(2089858483,b0f066a214c2f5e87bad3c948f4d605d) (ScriptedImporter) -> (artifact id: '302658f9cce459a471f33d9281306e7b') in 0.0400266 seconds
Number of updated asset objects reloaded before import = 0Number of asset objects unloaded after import = 3

========================================================================
Received Import Request.
  Time since last request: 0.000017 seconds.
  path: Assets/TextMesh Pro/Resources/Fonts & Materials/LiberationSans SDF - Fallback.asset
  artifactKey: Guid(2e498d1c8094910479dc3e1b768306a4) Importer(2089858483,b0f066a214c2f5e87bad3c948f4d605d)
Start importing Assets/TextMesh Pro/Resources/Fonts & Materials/LiberationSans SDF - Fallback.asset using Guid(2e498d1c8094910479dc3e1b768306a4) Importer(2089858483,b0f066a214c2f5e87bad3c948f4d605d) (ScriptedImporter) -> (artifact id: 'd288b8dd26f60202faec63b32a167d37') in 0.0264381 seconds
Number of updated asset objects reloaded before import = 0Number of asset objects unloaded after import = 6

========================================================================
Received Import Request.
  Time since last request: 0.000017 seconds.
  path: Assets/TextMesh Pro/Resources/Fonts & Materials/LiberationSans SDF - Outline.mat
  artifactKey: Guid(79459efec17a4d00a321bdcc27bbc385) Importer(2089858483,b0f066a214c2f5e87bad3c948f4d605d)
Start importing Assets/TextMesh Pro/Resources/Fonts & Materials/LiberationSans SDF - Outline.mat using Guid(79459efec17a4d00a321bdcc27bbc385) Importer(2089858483,b0f066a214c2f5e87bad3c948f4d605d) (ScriptedImporter) -> (artifact id: 'd09b2205c046c688af18b17406f8812f') in 0.0299911 seconds
Number of updated asset objects reloaded before import = 0Number of asset objects unloaded after import = 3

========================================================================
Received Import Request.
  Time since last request: 0.000020 seconds.
  path: Assets/TextMesh Pro/Resources/Style Sheets/Default Style Sheet.asset
  artifactKey: Guid(f952c082cb03451daed3ee968ac6c63e) Importer(2089858483,b0f066a214c2f5e87bad3c948f4d605d)
Start importing Assets/TextMesh Pro/Resources/Style Sheets/Default Style Sheet.asset using Guid(f952c082cb03451daed3ee968ac6c63e) Importer(2089858483,b0f066a214c2f5e87bad3c948f4d605d) (ScriptedImporter) -> (artifact id: '2e0be5df6159bd4b99783481eedbf59f') in 0.0262332 seconds
Number of updated asset objects reloaded before import = 0Number of asset objects unloaded after import = 1

========================================================================
Received Import Request.
  Time since last request: 0.000028 seconds.
  path: Assets/SourceFiles/TimmyRobot/Textures/Timmytexture_Albedo.png
  artifactKey: Guid(f7bf8842867b5c74c8e3166c1d496e2c) Importer(2089858483,b0f066a214c2f5e87bad3c948f4d605d)
Start importing Assets/SourceFiles/TimmyRobot/Textures/Timmytexture_Albedo.png using Guid(f7bf8842867b5c74c8e3166c1d496e2c) Importer(2089858483,b0f066a214c2f5e87bad3c948f4d605d) (ScriptedImporter) -> (artifact id: 'a872854646c55612ac5d11941312d751') in 0.0200493 seconds
Number of updated asset objects reloaded before import = 0Number of asset objects unloaded after import = 1

========================================================================
Received Import Request.
  Time since last request: 0.000018 seconds.
  path: Assets/SourceFiles/Textures/Repeating Tiles/FootPrint_Normal.png
  artifactKey: Guid(c623927cf7d668e469dadf11c10439a8) Importer(2089858483,b0f066a214c2f5e87bad3c948f4d605d)
Start importing Assets/SourceFiles/Textures/Repeating Tiles/FootPrint_Normal.png using Guid(c623927cf7d668e469dadf11c10439a8) Importer(2089858483,b0f066a214c2f5e87bad3c948f4d605d) (ScriptedImporter) -> (artifact id: '1f945e7d80181bd65ad1df1c64edf36e') in 0.0312704 seconds
Number of updated asset objects reloaded before import = 0Number of asset objects unloaded after import = 1

========================================================================
Received Import Request.
  Time since last request: 0.000016 seconds.
  path: Assets/Tutorials/t4_Share/T4 - Publish to Unity Play.asset
  artifactKey: Guid(e724a911bee784ee3b860ca40a45f5f3) Importer(2089858483,b0f066a214c2f5e87bad3c948f4d605d)
Start importing Assets/Tutorials/t4_Share/T4 - Publish to Unity Play.asset using Guid(e724a911bee784ee3b860ca40a45f5f3) Importer(2089858483,b0f066a214c2f5e87bad3c948f4d605d) (ScriptedImporter) -> (artifact id: '7c7e545fc105f26bd5d9f5e01de5868d') in 0.3356481 seconds
Number of updated asset objects reloaded before import = 0Number of asset objects unloaded after import = 93

========================================================================
Received Import Request.
  Time since last request: 0.000027 seconds.
  path: Assets/SourceFiles/StarterAssets/ThirdPersonController/Character/Animations/Locomotion--Walk_N_Land.anim.fbx
  artifactKey: Guid(325a26d62b61fa94cb3c97c435efebc5) Importer(2089858483,b0f066a214c2f5e87bad3c948f4d605d)
Start importing Assets/SourceFiles/StarterAssets/ThirdPersonController/Character/Animations/Locomotion--Walk_N_Land.anim.fbx using Guid(325a26d62b61fa94cb3c97c435efebc5) Importer(2089858483,b0f066a214c2f5e87bad3c948f4d605d) (ScriptedImporter) -> (artifact id: '6f3257b5303971c99d4f9ac296703fe5') in 0.0481916 seconds
Number of updated asset objects reloaded before import = 0Number of asset objects unloaded after import = 144

========================================================================
Received Import Request.
  Time since last request: 0.000027 seconds.
  path: Assets/SourceFiles/StarterAssets/ThirdPersonController/Character/Animations/Locomotion--Walk_N.anim.fbx
  artifactKey: Guid(8269a9f8cf495034c817722ac21f309f) Importer(2089858483,b0f066a214c2f5e87bad3c948f4d605d)
Start importing Assets/SourceFiles/StarterAssets/ThirdPersonController/Character/Animations/Locomotion--Walk_N.anim.fbx using Guid(8269a9f8cf495034c817722ac21f309f) Importer(2089858483,b0f066a214c2f5e87bad3c948f4d605d) (ScriptedImporter) -> (artifact id: '722c1306987f4619ddf11191473f0b53') in 0.0398649 seconds
Number of updated asset objects reloaded before import = 0Number of asset objects unloaded after import = 144

========================================================================
Received Import Request.
  Time since last request: 0.000036 seconds.
  path: Assets/SourceFiles/StarterAssets/ThirdPersonController/Character/Animations/Locomotion--Run_N.anim.fbx
  artifactKey: Guid(16114d403eabb53438de032c6f0d1deb) Importer(2089858483,b0f066a214c2f5e87bad3c948f4d605d)
Start importing Assets/SourceFiles/StarterAssets/ThirdPersonController/Character/Animations/Locomotion--Run_N.anim.fbx using Guid(16114d403eabb53438de032c6f0d1deb) Importer(2089858483,b0f066a214c2f5e87bad3c948f4d605d) (ScriptedImporter) -> (artifact id: '5f3639d87a9d25c226faee41fd1566f1') in 0.0327542 seconds
Number of updated asset objects reloaded before import = 0Number of asset objects unloaded after import = 144

========================================================================
Received Import Request.
  Time since last request: 0.000017 seconds.
  path: Assets/SourceFiles/StarterAssets/ThirdPersonController/Character/Animations/StarterAssetsThirdPerson.controller
  artifactKey: Guid(40db3173a05ae3242b1c182a09b0a183) Importer(2089858483,b0f066a214c2f5e87bad3c948f4d605d)
Start importing Assets/SourceFiles/StarterAssets/ThirdPersonController/Character/Animations/StarterAssetsThirdPerson.controller using Guid(40db3173a05ae3242b1c182a09b0a183) Importer(2089858483,b0f066a214c2f5e87bad3c948f4d605d) (ScriptedImporter) -> (artifact id: 'b23ce293888c20e375a605b6ea2c971d') in 0.0788947 seconds
Number of updated asset objects reloaded before import = 0Number of asset objects unloaded after import = 21

========================================================================
Received Import Request.
  Time since last request: 0.000044 seconds.
  path: Assets/SourceFiles/StarterAssets/ThirdPersonController/Character/Models/Armature.fbx
  artifactKey: Guid(36078ab0369161e49a29d349ae3e0739) Importer(2089858483,b0f066a214c2f5e87bad3c948f4d605d)
Start importing Assets/SourceFiles/StarterAssets/ThirdPersonController/Character/Models/Armature.fbx using Guid(36078ab0369161e49a29d349ae3e0739) Importer(2089858483,b0f066a214c2f5e87bad3c948f4d605d) (ScriptedImporter) -> (artifact id: '37348b1f684666028c8c25a09a40920a') in 0.0424821 seconds
Number of updated asset objects reloaded before import = 0Number of asset objects unloaded after import = 150

========================================================================
Received Import Request.
  Time since last request: 0.000027 seconds.
  path: Assets/SourceFiles/StarterAssets/ThirdPersonController/Character/Animations/Locomotion--Run_N_Land.anim.fbx
  artifactKey: Guid(3c033631149b9c541bcf155cd94cccba) Importer(2089858483,b0f066a214c2f5e87bad3c948f4d605d)
Start importing Assets/SourceFiles/StarterAssets/ThirdPersonController/Character/Animations/Locomotion--Run_N_Land.anim.fbx using Guid(3c033631149b9c541bcf155cd94cccba) Importer(2089858483,b0f066a214c2f5e87bad3c948f4d605d) (ScriptedImporter) -> (artifact id: '2e82eb264cccf2054a9ed181ceeffd04') in 0.0231231 seconds
Number of updated asset objects reloaded before import = 0Number of asset objects unloaded after import = 144

========================================================================
Received Import Request.
  Time since last request: 0.000017 seconds.
  path: Assets/SourceFiles/Textures/Repeating Tiles/Tile_GrassFlowers.png
  artifactKey: Guid(c50f330657b4b674cb4cce66dea80a54) Importer(2089858483,b0f066a214c2f5e87bad3c948f4d605d)
Start importing Assets/SourceFiles/Textures/Repeating Tiles/Tile_GrassFlowers.png using Guid(c50f330657b4b674cb4cce66dea80a54) Importer(2089858483,b0f066a214c2f5e87bad3c948f4d605d) (ScriptedImporter) -> (artifact id: '1f1e090dd03c242f1b3a69e65379a2f6') in 0.021372 seconds
Number of updated asset objects reloaded before import = 0Number of asset objects unloaded after import = 1

========================================================================
Received Import Request.
  Time since last request: 0.000017 seconds.
  path: Assets/Tutorials/t2_Fundamentals/s2.12_Mastering the fundamentals.asset
  artifactKey: Guid(9b01cfd5474d34b6395215b03589d8ad) Importer(2089858483,b0f066a214c2f5e87bad3c948f4d605d)
Start importing Assets/Tutorials/t2_Fundamentals/s2.12_Mastering the fundamentals.asset using Guid(9b01cfd5474d34b6395215b03589d8ad) Importer(2089858483,b0f066a214c2f5e87bad3c948f4d605d) (ScriptedImporter) -> (artifact id: 'c66ca158b7147f8d9a3f0d351f4fb39d') in 0.0223534 seconds
Number of updated asset objects reloaded before import = 0Number of asset objects unloaded after import = 2

========================================================================
Received Import Request.
  Time since last request: 0.000019 seconds.
  path: Assets/SourceFiles/Textures/Repeating Tiles/FootPrint_Opt.png
  artifactKey: Guid(1e9af959643be9b47af8c56289ba4a09) Importer(2089858483,b0f066a214c2f5e87bad3c948f4d605d)
Start importing Assets/SourceFiles/Textures/Repeating Tiles/FootPrint_Opt.png using Guid(1e9af959643be9b47af8c56289ba4a09) Importer(2089858483,b0f066a214c2f5e87bad3c948f4d605d) (ScriptedImporter) -> (artifact id: '2675aa99d7483e2dbf5b6c15e5d2dec4') in 0.0332729 seconds
Number of updated asset objects reloaded before import = 0Number of asset objects unloaded after import = 1

========================================================================
Received Import Request.
  Time since last request: 0.000024 seconds.
  path: Assets/SourceFiles/StarterAssets/ThirdPersonController/Character/Animations/Stand--Idle.anim.fbx
  artifactKey: Guid(12e52e465ed793a4d801955e9f964a82) Importer(2089858483,b0f066a214c2f5e87bad3c948f4d605d)
Start importing Assets/SourceFiles/StarterAssets/ThirdPersonController/Character/Animations/Stand--Idle.anim.fbx using Guid(12e52e465ed793a4d801955e9f964a82) Importer(2089858483,b0f066a214c2f5e87bad3c948f4d605d) (ScriptedImporter) -> (artifact id: '630c72839ee347939578aa6476648d65') in 0.0245322 seconds
Number of updated asset objects reloaded before import = 0Number of asset objects unloaded after import = 144

========================================================================
Received Import Request.
  Time since last request: 0.000018 seconds.
  path: Assets/SourceFiles/Textures/Repeating Tiles/Tile_NightSky_Emissive.png
  artifactKey: Guid(fb8d30637956e414c9398785413bc973) Importer(2089858483,b0f066a214c2f5e87bad3c948f4d605d)
Start importing Assets/SourceFiles/Textures/Repeating Tiles/Tile_NightSky_Emissive.png using Guid(fb8d30637956e414c9398785413bc973) Importer(2089858483,b0f066a214c2f5e87bad3c948f4d605d) (ScriptedImporter) -> (artifact id: 'd53016b6c1edec8dac8b6c1ac8673f6c') in 0.022093 seconds
Number of updated asset objects reloaded before import = 0Number of asset objects unloaded after import = 1

========================================================================
Received Import Request.
  Time since last request: 0.000016 seconds.
  path: Assets/SourceFiles/Textures/Repeating Tiles/Boardwalk_Stripes_Albedo.png
  artifactKey: Guid(eece22d47b592914b93af1e4b13f3309) Importer(2089858483,b0f066a214c2f5e87bad3c948f4d605d)
Start importing Assets/SourceFiles/Textures/Repeating Tiles/Boardwalk_Stripes_Albedo.png using Guid(eece22d47b592914b93af1e4b13f3309) Importer(2089858483,b0f066a214c2f5e87bad3c948f4d605d) (ScriptedImporter) -> (artifact id: '0f821d173557b7264a40e651855638ec') in 0.0194291 seconds
Number of updated asset objects reloaded before import = 0Number of asset objects unloaded after import = 1

========================================================================
Received Import Request.
  Time since last request: 0.000018 seconds.
  path: Assets/SourceFiles/Textures/Repeating Tiles/Circuit_Emission.png
  artifactKey: Guid(d3d47d43aacb44e899ac2078cea7d3f7) Importer(2089858483,b0f066a214c2f5e87bad3c948f4d605d)
Start importing Assets/SourceFiles/Textures/Repeating Tiles/Circuit_Emission.png using Guid(d3d47d43aacb44e899ac2078cea7d3f7) Importer(2089858483,b0f066a214c2f5e87bad3c948f4d605d) (ScriptedImporter) -> (artifact id: '895613a48b060abaf7bc905c1f55403e') in 0.0204024 seconds
Number of updated asset objects reloaded before import = 0Number of asset objects unloaded after import = 1

========================================================================
Received Import Request.
  Time since last request: 0.000025 seconds.
  path: Assets/SourceFiles/StarterAssets/ThirdPersonController/Character/Animations/Jump--InAir.anim.fbx
  artifactKey: Guid(063aa479676c4084ebf187660ca0a7b8) Importer(2089858483,b0f066a214c2f5e87bad3c948f4d605d)
Start importing Assets/SourceFiles/StarterAssets/ThirdPersonController/Character/Animations/Jump--InAir.anim.fbx using Guid(063aa479676c4084ebf187660ca0a7b8) Importer(2089858483,b0f066a214c2f5e87bad3c948f4d605d) (ScriptedImporter) -> (artifact id: 'c0a871c9aa0414cbefce58ab9ba79f46') in 0.0250975 seconds
Number of updated asset objects reloaded before import = 0Number of asset objects unloaded after import = 144

========================================================================
Received Import Request.
  Time since last request: 0.000017 seconds.
  path: Assets/SourceFiles/StarterAssets/ThirdPersonController/Character/Animations/Jump--Jump.anim.fbx
  artifactKey: Guid(98f277b0c8055e143b2fcf058d3c27dc) Importer(2089858483,b0f066a214c2f5e87bad3c948f4d605d)
Start importing Assets/SourceFiles/StarterAssets/ThirdPersonController/Character/Animations/Jump--Jump.anim.fbx using Guid(98f277b0c8055e143b2fcf058d3c27dc) Importer(2089858483,b0f066a214c2f5e87bad3c948f4d605d) (ScriptedImporter) -> (artifact id: '7fb82dae8d785b3120d8e92a5aebc09d') in 0.0279749 seconds
Number of updated asset objects reloaded before import = 0Number of asset objects unloaded after import = 145

========================================================================
Received Import Request.
  Time since last request: 0.000020 seconds.
  path: Assets/Tutorials/t3_Explore/s3.1Explore the possibilities.asset
  artifactKey: Guid(08a64544f80304277b71763c6a097c6f) Importer(2089858483,b0f066a214c2f5e87bad3c948f4d605d)
Start importing Assets/Tutorials/t3_Explore/s3.1Explore the possibilities.asset using Guid(08a64544f80304277b71763c6a097c6f) Importer(2089858483,b0f066a214c2f5e87bad3c948f4d605d) (ScriptedImporter) -> (artifact id: '334b3da221961a87a3094fd8f9d636b6') in 0.018378 seconds
Number of updated asset objects reloaded before import = 0Number of asset objects unloaded after import = 2

========================================================================
Received Import Request.
  Time since last request: 0.000023 seconds.
  path: Assets/Tutorials/Settings/Editor/TutorialCallbacks.asset
  artifactKey: Guid(12e1dc53c29d9c240af40e95fa058bed) Importer(2089858483,b0f066a214c2f5e87bad3c948f4d605d)
Start importing Assets/Tutorials/Settings/Editor/TutorialCallbacks.asset using Guid(12e1dc53c29d9c240af40e95fa058bed) Importer(2089858483,b0f066a214c2f5e87bad3c948f4d605d) (ScriptedImporter) -> (artifact id: '35adf48c7e1facde9146f96c851896f8') in 0.0162373 seconds
Number of updated asset objects reloaded before import = 0Number of asset objects unloaded after import = 1

========================================================================
Received Import Request.
  Time since last request: 0.000025 seconds.
  path: Assets/SourceFiles/Textures/Skyboxes/SkyDay.png
  artifactKey: Guid(86fb3c70b8eca0b4b9d540fefd339692) Importer(2089858483,b0f066a214c2f5e87bad3c948f4d605d)
Start importing Assets/SourceFiles/Textures/Skyboxes/SkyDay.png using Guid(86fb3c70b8eca0b4b9d540fefd339692) Importer(2089858483,b0f066a214c2f5e87bad3c948f4d605d) (ScriptedImporter) -> (artifact id: '413a9376dbe4b5b23eb32d71c996afa0') in 0.0494744 seconds
Number of updated asset objects reloaded before import = 0Number of asset objects unloaded after import = 1

========================================================================
Received Import Request.
  Time since last request: 0.000016 seconds.
  path: Assets/Tutorials/Settings/Editor/TutorialCallbacks.cs
  artifactKey: Guid(ff5e94a8a2536fc44ab893994b3be3c6) Importer(2089858483,b0f066a214c2f5e87bad3c948f4d605d)
Start importing Assets/Tutorials/Settings/Editor/TutorialCallbacks.cs using Guid(ff5e94a8a2536fc44ab893994b3be3c6) Importer(2089858483,b0f066a214c2f5e87bad3c948f4d605d) (ScriptedImporter) -> (artifact id: 'cd35b30724dcf42dccfa9ef30d776ba4') in 0.0161608 seconds
Number of updated asset objects reloaded before import = 0Number of asset objects unloaded after import = 0

========================================================================
Received Import Request.
  Time since last request: 0.000015 seconds.
  path: Assets/Tutorials/t2_Fundamentals/s2.10_Add a primitive.asset
  artifactKey: Guid(fa678c9c9127048398b62d9172d9d847) Importer(2089858483,b0f066a214c2f5e87bad3c948f4d605d)
Start importing Assets/Tutorials/t2_Fundamentals/s2.10_Add a primitive.asset using Guid(fa678c9c9127048398b62d9172d9d847) Importer(2089858483,b0f066a214c2f5e87bad3c948f4d605d) (ScriptedImporter) -> (artifact id: 'a018eb3de32b361ee264fb5afbf4ea9d') in 0.0207755 seconds
Number of updated asset objects reloaded before import = 0Number of asset objects unloaded after import = 3

========================================================================
Received Import Request.
  Time since last request: 0.000020 seconds.
  path: Assets/Tutorials/t2_Fundamentals/s2.3_Change the skybox.asset
  artifactKey: Guid(f887899778dc4ba4a8a828def157cf70) Importer(2089858483,b0f066a214c2f5e87bad3c948f4d605d)
Start importing Assets/Tutorials/t2_Fundamentals/s2.3_Change the skybox.asset using Guid(f887899778dc4ba4a8a828def157cf70) Importer(2089858483,b0f066a214c2f5e87bad3c948f4d605d) (ScriptedImporter) -> (artifact id: '7f8a685075fe5abd40d143de51846701') in 0.0177946 seconds
Number of updated asset objects reloaded before import = 0Number of asset objects unloaded after import = 2

========================================================================
Received Import Request.
  Time since last request: 0.000026 seconds.
  path: Assets/Tutorials/t2_Fundamentals/s2.5_Get closer to the yellow box.asset
  artifactKey: Guid(1c3c20fc40c834c9d8d6e746932136ab) Importer(2089858483,b0f066a214c2f5e87bad3c948f4d605d)
Start importing Assets/Tutorials/t2_Fundamentals/s2.5_Get closer to the yellow box.asset using Guid(1c3c20fc40c834c9d8d6e746932136ab) Importer(2089858483,b0f066a214c2f5e87bad3c948f4d605d) (ScriptedImporter) -> (artifact id: '7faa75df50d7815d0d00633e039b3f0f') in 0.0203443 seconds
Number of updated asset objects reloaded before import = 0Number of asset objects unloaded after import = 2

========================================================================
Received Import Request.
  Time since last request: 0.000017 seconds.
  path: Assets/TextMesh Pro/Shaders/SDFFunctions.hlsl
  artifactKey: Guid(96de908384869cd409c75efa351d5edf) Importer(2089858483,b0f066a214c2f5e87bad3c948f4d605d)
Start importing Assets/TextMesh Pro/Shaders/SDFFunctions.hlsl using Guid(96de908384869cd409c75efa351d5edf) Importer(2089858483,b0f066a214c2f5e87bad3c948f4d605d) (ScriptedImporter) -> (artifact id: '3f6085b26b4ad3221d2741e1c76834c7') in 0.0255149 seconds
Number of updated asset objects reloaded before import = 0Number of asset objects unloaded after import = 1

========================================================================
Received Import Request.
  Time since last request: 0.000017 seconds.
  path: Assets/SourceFiles/TimmyRobot/Sfx/Player_Footstep_09.wav
  artifactKey: Guid(274649b0e221539409070ebf6c18918b) Importer(2089858483,b0f066a214c2f5e87bad3c948f4d605d)
Start importing Assets/SourceFiles/TimmyRobot/Sfx/Player_Footstep_09.wav using Guid(274649b0e221539409070ebf6c18918b) Importer(2089858483,b0f066a214c2f5e87bad3c948f4d605d) (ScriptedImporter) -> (artifact id: 'cbfea95bcc5c0c0b73c8a8bb8e58ff35') in 0.029788 seconds
Number of updated asset objects reloaded before import = 0Number of asset objects unloaded after import = 1

========================================================================
Received Import Request.
  Time since last request: 0.000019 seconds.
  path: Assets/Tutorials/Media/2.4 Look Around.webm
  artifactKey: Guid(c64325762dabfb1478abf235a56bcc12) Importer(2089858483,b0f066a214c2f5e87bad3c948f4d605d)
Start importing Assets/Tutorials/Media/2.4 Look Around.webm using Guid(c64325762dabfb1478abf235a56bcc12) Importer(2089858483,b0f066a214c2f5e87bad3c948f4d605d) (ScriptedImporter) -> (artifact id: 'cd266b9f4cf166614d1d643ae2db5173') in 0.0148525 seconds
Number of updated asset objects reloaded before import = 0Number of asset objects unloaded after import = 1

========================================================================
Received Import Request.
  Time since last request: 0.000026 seconds.
  path: Assets/Materials/Material_HexagonBlue.mat
  artifactKey: Guid(57895f3b1a2c41a47855b943858758b7) Importer(2089858483,b0f066a214c2f5e87bad3c948f4d605d)
Start importing Assets/Materials/Material_HexagonBlue.mat using Guid(57895f3b1a2c41a47855b943858758b7) Importer(2089858483,b0f066a214c2f5e87bad3c948f4d605d) (ScriptedImporter) -> (artifact id: '93faec5b542764ed8066d9df5ff4e19c') in 0.0325146 seconds
Number of updated asset objects reloaded before import = 0Number of asset objects unloaded after import = 3

========================================================================
Received Import Request.
  Time since last request: 0.000023 seconds.
  path: Assets/SourceFiles/Textures/Repeating Tiles/Circuit_MetallicSmoothness.png
  artifactKey: Guid(164613b4663c64995b8a95608a458176) Importer(2089858483,b0f066a214c2f5e87bad3c948f4d605d)
Start importing Assets/SourceFiles/Textures/Repeating Tiles/Circuit_MetallicSmoothness.png using Guid(164613b4663c64995b8a95608a458176) Importer(2089858483,b0f066a214c2f5e87bad3c948f4d605d) (ScriptedImporter) -> (artifact id: '91717f6e8a9013c60249749ee703eeaa') in 0.0225197 seconds
Number of updated asset objects reloaded before import = 0Number of asset objects unloaded after import = 1

========================================================================
Received Import Request.
  Time since last request: 0.000015 seconds.
  path: Assets/Materials/Material_Checkerboard.mat
  artifactKey: Guid(a923b12ceea637048a8445579407b4d4) Importer(2089858483,b0f066a214c2f5e87bad3c948f4d605d)
Start importing Assets/Materials/Material_Checkerboard.mat using Guid(a923b12ceea637048a8445579407b4d4) Importer(2089858483,b0f066a214c2f5e87bad3c948f4d605d) (ScriptedImporter) -> (artifact id: '7b67a7b8d5b31bc616abec59b16d158a') in 0.043498 seconds
Number of updated asset objects reloaded before import = 0Number of asset objects unloaded after import = 4

========================================================================
Received Import Request.
  Time since last request: 0.000020 seconds.
  path: Assets/Materials/Material_Simple_BlueDark.mat
  artifactKey: Guid(a5cc1ee8c89ce164d865ab7a8c004d56) Importer(2089858483,b0f066a214c2f5e87bad3c948f4d605d)
Start importing Assets/Materials/Material_Simple_BlueDark.mat using Guid(a5cc1ee8c89ce164d865ab7a8c004d56) Importer(2089858483,b0f066a214c2f5e87bad3c948f4d605d) (ScriptedImporter) -> (artifact id: 'd93ed87c885b42ac905dc25d3a54bd19') in 0.028591 seconds
Number of updated asset objects reloaded before import = 0Number of asset objects unloaded after import = 1

========================================================================
Received Import Request.
  Time since last request: 0.000025 seconds.
  path: Assets/Tutorials/t4_Share/s4.5_Share your project!.asset
  artifactKey: Guid(ff7edbaf318e0c34887d2c1b3b3c624f) Importer(2089858483,b0f066a214c2f5e87bad3c948f4d605d)
Start importing Assets/Tutorials/t4_Share/s4.5_Share your project!.asset using Guid(ff7edbaf318e0c34887d2c1b3b3c624f) Importer(2089858483,b0f066a214c2f5e87bad3c948f4d605d) (ScriptedImporter) -> (artifact id: '7fc747676b7c48c27c6752afcc4884f6') in 0.0219902 seconds
Number of updated asset objects reloaded before import = 0Number of asset objects unloaded after import = 2

========================================================================
Received Import Request.
  Time since last request: 0.000032 seconds.
  path: Assets/Tutorials/t3_Explore/s3.8_Visual effects.asset
  artifactKey: Guid(9ee9bb436e37e4cd396b67e797fe5764) Importer(2089858483,b0f066a214c2f5e87bad3c948f4d605d)
Start importing Assets/Tutorials/t3_Explore/s3.8_Visual effects.asset using Guid(9ee9bb436e37e4cd396b67e797fe5764) Importer(2089858483,b0f066a214c2f5e87bad3c948f4d605d) (ScriptedImporter) -> (artifact id: '4ddc866b33bf560cb01adb19014dc555') in 0.0286607 seconds
Number of updated asset objects reloaded before import = 0Number of asset objects unloaded after import = 2

========================================================================
Received Import Request.
  Time since last request: 0.000016 seconds.
  path: Assets/SourceFiles/InputSystem/StarterAssets.inputactions
  artifactKey: Guid(4419d82f33d36e848b3ed5af4c8da37e) Importer(2089858483,b0f066a214c2f5e87bad3c948f4d605d)
Start importing Assets/SourceFiles/InputSystem/StarterAssets.inputactions using Guid(4419d82f33d36e848b3ed5af4c8da37e) Importer(2089858483,b0f066a214c2f5e87bad3c948f4d605d) (ScriptedImporter) -> (artifact id: '8f4041df64cab3ecc8481ed23ceb40b4') in 0.2483287 seconds
Number of updated asset objects reloaded before import = 0Number of asset objects unloaded after import = 7

========================================================================
Received Import Request.
  Time since last request: 0.000019 seconds.
  path: Assets/SourceFiles/TimmyRobot/Sfx/Player_Footstep_02.wav
  artifactKey: Guid(85016e0f2b01da248b9663dd49a161b0) Importer(2089858483,b0f066a214c2f5e87bad3c948f4d605d)
Start importing Assets/SourceFiles/TimmyRobot/Sfx/Player_Footstep_02.wav using Guid(85016e0f2b01da248b9663dd49a161b0) Importer(2089858483,b0f066a214c2f5e87bad3c948f4d605d) (ScriptedImporter) -> (artifact id: '3fb1ba44422a337bc5514a07aeec82df') in 0.0328732 seconds
Number of updated asset objects reloaded before import = 0Number of asset objects unloaded after import = 1

========================================================================
Received Import Request.
  Time since last request: 0.000027 seconds.
  path: Assets/SourceFiles/Scripts/UpdateCollectibleCount.cs
  artifactKey: Guid(12b990e8d7f314383856263e97f1c328) Importer(2089858483,b0f066a214c2f5e87bad3c948f4d605d)
Start importing Assets/SourceFiles/Scripts/UpdateCollectibleCount.cs using Guid(12b990e8d7f314383856263e97f1c328) Importer(2089858483,b0f066a214c2f5e87bad3c948f4d605d) (ScriptedImporter) -> (artifact id: 'a7f87b7e34537881ddd317f19a6752cf') in 0.0145091 seconds
Number of updated asset objects reloaded before import = 0Number of asset objects unloaded after import = 0

========================================================================
Received Import Request.
  Time since last request: 0.000019 seconds.
  path: Assets/TextMesh Pro/Shaders/TMP_SDF-HDRP UNLIT.shadergraph
  artifactKey: Guid(f63d574838ccfb44f84acc05fed0af48) Importer(2089858483,b0f066a214c2f5e87bad3c948f4d605d)
Start importing Assets/TextMesh Pro/Shaders/TMP_SDF-HDRP UNLIT.shadergraph using Guid(f63d574838ccfb44f84acc05fed0af48) Importer(2089858483,b0f066a214c2f5e87bad3c948f4d605d) (ScriptedImporter) -> (artifact id: '8bba93b06374a4ed275b9ff5db5964d0') in 0.0288255 seconds
Number of updated asset objects reloaded before import = 0Number of asset objects unloaded after import = 4

========================================================================
Received Import Request.
  Time since last request: 0.000017 seconds.
  path: Assets/SourceFiles/InputSystem/InputSystem_Actions.inputactions
  artifactKey: Guid(052faaac586de48259a63d0c4782560b) Importer(2089858483,b0f066a214c2f5e87bad3c948f4d605d)
Start importing Assets/SourceFiles/InputSystem/InputSystem_Actions.inputactions using Guid(052faaac586de48259a63d0c4782560b) Importer(2089858483,b0f066a214c2f5e87bad3c948f4d605d) (ScriptedImporter) -> (artifact id: '740184668a857701670bc9b95dd21a61') in 0.0331256 seconds
Number of updated asset objects reloaded before import = 0Number of asset objects unloaded after import = 22

========================================================================
Received Import Request.
  Time since last request: 0.000023 seconds.
  path: Assets/Skyboxes/SkyDay.mat
  artifactKey: Guid(364592f1b6ac3eb4099e4b9e4bcbd7b2) Importer(2089858483,b0f066a214c2f5e87bad3c948f4d605d)
Start importing Assets/Skyboxes/SkyDay.mat using Guid(364592f1b6ac3eb4099e4b9e4bcbd7b2) Importer(2089858483,b0f066a214c2f5e87bad3c948f4d605d) (ScriptedImporter) -> (artifact id: '6d8601c03be38a5b11579f5d87a6b90d') in 0.0468332 seconds
Number of updated asset objects reloaded before import = 0Number of asset objects unloaded after import = 2

========================================================================
Received Import Request.
  Time since last request: 0.000031 seconds.
  path: Assets/Materials/Material_SandWavey.mat
  artifactKey: Guid(c6becab13816f0f43859fdcd21c5ba66) Importer(2089858483,b0f066a214c2f5e87bad3c948f4d605d)
Start importing Assets/Materials/Material_SandWavey.mat using Guid(c6becab13816f0f43859fdcd21c5ba66) Importer(2089858483,b0f066a214c2f5e87bad3c948f4d605d) (ScriptedImporter) -> (artifact id: '094c27abb2094c89bf0f57ade60cfc88') in 0.0357998 seconds
Number of updated asset objects reloaded before import = 0Number of asset objects unloaded after import = 3

========================================================================
Received Import Request.
  Time since last request: 0.000017 seconds.
  path: Assets/VFX/VFX_Fireflies.prefab
  artifactKey: Guid(a4a9f552f4c001d47a129bec749df79b) Importer(2089858483,b0f066a214c2f5e87bad3c948f4d605d)
Start importing Assets/VFX/VFX_Fireflies.prefab using Guid(a4a9f552f4c001d47a129bec749df79b) Importer(2089858483,b0f066a214c2f5e87bad3c948f4d605d) (ScriptedImporter) -> (artifact id: '37f436822cf5b25c950aa7e63dad1b4f') in 0.0536325 seconds
Number of updated asset objects reloaded before import = 0Number of asset objects unloaded after import = 6

========================================================================
Received Import Request.
  Time since last request: 0.000019 seconds.
  path: Assets/Tutorials/t2_Fundamentals/s2.11_Turn a cube into a bridge.asset
  artifactKey: Guid(cc728cfdc9a374c4fa847ead9c929785) Importer(2089858483,b0f066a214c2f5e87bad3c948f4d605d)
Start importing Assets/Tutorials/t2_Fundamentals/s2.11_Turn a cube into a bridge.asset using Guid(cc728cfdc9a374c4fa847ead9c929785) Importer(2089858483,b0f066a214c2f5e87bad3c948f4d605d) (ScriptedImporter) -> (artifact id: 'cfb9b8ce6c94be1181a00a16a648d9d1') in 0.0183614 seconds
Number of updated asset objects reloaded before import = 0Number of asset objects unloaded after import = 2

========================================================================
Received Import Request.
  Time since last request: 0.000026 seconds.
  path: Assets/TextMesh Pro/Shaders/TMP_SDF-Mobile-2-Pass.shader
  artifactKey: Guid(0178fcb869bafef4690d177d31d17db8) Importer(2089858483,b0f066a214c2f5e87bad3c948f4d605d)
Start importing Assets/TextMesh Pro/Shaders/TMP_SDF-Mobile-2-Pass.shader using Guid(0178fcb869bafef4690d177d31d17db8) Importer(2089858483,b0f066a214c2f5e87bad3c948f4d605d) (ScriptedImporter) -> (artifact id: '12971b5c1a48cbaa1f1ff0e1639ee7e8') in 0.0152152 seconds
Number of updated asset objects reloaded before import = 0Number of asset objects unloaded after import = 1

========================================================================
Received Import Request.
  Time since last request: 0.000016 seconds.
  path: Assets/Tutorials/t2_Fundamentals/s2.7_Move the yellow box.asset
  artifactKey: Guid(ed101923fedf54946a514f79776d361f) Importer(2089858483,b0f066a214c2f5e87bad3c948f4d605d)
Start importing Assets/Tutorials/t2_Fundamentals/s2.7_Move the yellow box.asset using Guid(ed101923fedf54946a514f79776d361f) Importer(2089858483,b0f066a214c2f5e87bad3c948f4d605d) (ScriptedImporter) -> (artifact id: 'f1f8b8c23af0fcc8703171772053fb0d') in 0.016815 seconds
Number of updated asset objects reloaded before import = 0Number of asset objects unloaded after import = 2

========================================================================
Received Import Request.
  Time since last request: 0.000025 seconds.
  path: Assets/SourceFiles/Materials/Lamp_Mat.mat
  artifactKey: Guid(4980b72044bc14046b3b8b3b805a702c) Importer(2089858483,b0f066a214c2f5e87bad3c948f4d605d)
Start importing Assets/SourceFiles/Materials/Lamp_Mat.mat using Guid(4980b72044bc14046b3b8b3b805a702c) Importer(2089858483,b0f066a214c2f5e87bad3c948f4d605d) (ScriptedImporter) -> (artifact id: 'c27b5e078baec9f9c7a884a45cd64d36') in 0.0453777 seconds
Number of updated asset objects reloaded before import = 0Number of asset objects unloaded after import = 4

========================================================================
Received Import Request.
  Time since last request: 0.000020 seconds.
  path: Assets/Tutorials/t3_Explore/s3.10_User interface.asset
  artifactKey: Guid(43e26db414ee349d0aecf8498a59b50c) Importer(2089858483,b0f066a214c2f5e87bad3c948f4d605d)
Start importing Assets/Tutorials/t3_Explore/s3.10_User interface.asset using Guid(43e26db414ee349d0aecf8498a59b50c) Importer(2089858483,b0f066a214c2f5e87bad3c948f4d605d) (ScriptedImporter) -> (artifact id: '238760d1105973c3d61ba5febe0b7042') in 0.0238042 seconds
Number of updated asset objects reloaded before import = 0Number of asset objects unloaded after import = 2

========================================================================
Received Import Request.
  Time since last request: 0.000029 seconds.
  path: Assets/SourceFiles/Models/Stairs_650_400_300_Mesh.fbx
  artifactKey: Guid(7e0223e1d3e1733499accfa5ebffb67e) Importer(2089858483,b0f066a214c2f5e87bad3c948f4d605d)
Start importing Assets/SourceFiles/Models/Stairs_650_400_300_Mesh.fbx using Guid(7e0223e1d3e1733499accfa5ebffb67e) Importer(2089858483,b0f066a214c2f5e87bad3c948f4d605d) (ScriptedImporter) -> (artifact id: '34795d8add8464aab8ba00f24836e396') in 0.0335129 seconds
Number of updated asset objects reloaded before import = 0Number of asset objects unloaded after import = 16

========================================================================
Received Import Request.
  Time since last request: 0.000017 seconds.
  path: Assets/SourceFiles/Textures/Grid/Grid_01_BaseMap.png
  artifactKey: Guid(d1118dda59970a2449ee890fa247c4c5) Importer(2089858483,b0f066a214c2f5e87bad3c948f4d605d)
Start importing Assets/SourceFiles/Textures/Grid/Grid_01_BaseMap.png using Guid(d1118dda59970a2449ee890fa247c4c5) Importer(2089858483,b0f066a214c2f5e87bad3c948f4d605d) (ScriptedImporter) -> (artifact id: '12149acb82766d2722705a911c1b2a8d') in 0.0253949 seconds
Number of updated asset objects reloaded before import = 0Number of asset objects unloaded after import = 1

========================================================================
Received Import Request.
  Time since last request: 0.000063 seconds.
  path: Assets/Tutorials/Media/3.10 User interface.png
  artifactKey: Guid(4f33d39dfb72948ef971f0ac2226556d) Importer(2089858483,b0f066a214c2f5e87bad3c948f4d605d)
Start importing Assets/Tutorials/Media/3.10 User interface.png using Guid(4f33d39dfb72948ef971f0ac2226556d) Importer(2089858483,b0f066a214c2f5e87bad3c948f4d605d) (ScriptedImporter) -> (artifact id: 'a2dd1de2808bddb2eb5f9c0a5d487b4c') in 0.0230182 seconds
Number of updated asset objects reloaded before import = 0Number of asset objects unloaded after import = 1

========================================================================
Received Import Request.
  Time since last request: 0.000017 seconds.
  path: Assets/SourceFiles/SoundFX/Ambient_Sci-Fi.ogg
  artifactKey: Guid(aaddc7a3e84194b81a1bc68337002670) Importer(2089858483,b0f066a214c2f5e87bad3c948f4d605d)
Start importing Assets/SourceFiles/SoundFX/Ambient_Sci-Fi.ogg using Guid(aaddc7a3e84194b81a1bc68337002670) Importer(2089858483,b0f066a214c2f5e87bad3c948f4d605d) (ScriptedImporter) -> (artifact id: '911995514e55faa226c6f9f6d7d6302a') in 0.0378928 seconds
Number of updated asset objects reloaded before import = 0Number of asset objects unloaded after import = 1

========================================================================
Received Import Request.
  Time since last request: 0.000028 seconds.
  path: Assets/SourceFiles/SoundFX/SFX_AmbienceClose.ogg
  artifactKey: Guid(d01688d8b1daa4a7aa4d3934f4dfc90b) Importer(2089858483,b0f066a214c2f5e87bad3c948f4d605d)
Start importing Assets/SourceFiles/SoundFX/SFX_AmbienceClose.ogg using Guid(d01688d8b1daa4a7aa4d3934f4dfc90b) Importer(2089858483,b0f066a214c2f5e87bad3c948f4d605d) (ScriptedImporter) -> (artifact id: '192e02c5b06bfd50ecd4744fe9cd2bd8') in 0.0397272 seconds
Number of updated asset objects reloaded before import = 0Number of asset objects unloaded after import = 1

========================================================================
Received Import Request.
  Time since last request: 0.000016 seconds.
  path: Assets/Materials/Material_Simple_Yellow.mat
  artifactKey: Guid(67f0e7c36170f064ca19ef90cccfa886) Importer(2089858483,b0f066a214c2f5e87bad3c948f4d605d)
Start importing Assets/Materials/Material_Simple_Yellow.mat using Guid(67f0e7c36170f064ca19ef90cccfa886) Importer(2089858483,b0f066a214c2f5e87bad3c948f4d605d) (ScriptedImporter) -> (artifact id: '84334484e5ba3051569af2933f802a86') in 0.0214883 seconds
Number of updated asset objects reloaded before import = 0Number of asset objects unloaded after import = 1

========================================================================
Received Import Request.
  Time since last request: 0.000025 seconds.
  path: Assets/TextMesh Pro/Shaders/TMP_SDF-HDRP LIT.shadergraph
  artifactKey: Guid(ca2ed216f98028c4dae6c5224a952b3c) Importer(2089858483,b0f066a214c2f5e87bad3c948f4d605d)
Start importing Assets/TextMesh Pro/Shaders/TMP_SDF-HDRP LIT.shadergraph using Guid(ca2ed216f98028c4dae6c5224a952b3c) Importer(2089858483,b0f066a214c2f5e87bad3c948f4d605d) (ScriptedImporter) -> (artifact id: 'cc1fb053c2bb6d97add128cdc30d8d7b') in 0.0294374 seconds
Number of updated asset objects reloaded before import = 0Number of asset objects unloaded after import = 4

========================================================================
Received Import Request.
  Time since last request: 0.000022 seconds.
  path: Assets/Tutorials/t1_Interface/s1.5_The Hierarchy window.asset
  artifactKey: Guid(6971f8b1ac1a94986b1e8a9f068ca1e2) Importer(2089858483,b0f066a214c2f5e87bad3c948f4d605d)
Start importing Assets/Tutorials/t1_Interface/s1.5_The Hierarchy window.asset using Guid(6971f8b1ac1a94986b1e8a9f068ca1e2) Importer(2089858483,b0f066a214c2f5e87bad3c948f4d605d) (ScriptedImporter) -> (artifact id: '491897bdf199f8e7e19efcf4047be5a8') in 0.0184183 seconds
Number of updated asset objects reloaded before import = 0Number of asset objects unloaded after import = 2

========================================================================
Received Import Request.
  Time since last request: 0.000027 seconds.
  path: Assets/SourceFiles/VFX/GlowTexture.png
  artifactKey: Guid(98826fe9ed9d8ec4b8d6c3aaeb187c43) Importer(2089858483,b0f066a214c2f5e87bad3c948f4d605d)
Start importing Assets/SourceFiles/VFX/GlowTexture.png using Guid(98826fe9ed9d8ec4b8d6c3aaeb187c43) Importer(2089858483,b0f066a214c2f5e87bad3c948f4d605d) (ScriptedImporter) -> (artifact id: '028fab11bdaf7a534c7f8e1d01a09f86') in 0.0229847 seconds
Number of updated asset objects reloaded before import = 0Number of asset objects unloaded after import = 1

========================================================================
Received Import Request.
  Time since last request: 0.000017 seconds.
  path: Assets/TextMesh Pro/Shaders/TMP_Sprite.shader
  artifactKey: Guid(cf81c85f95fe47e1a27f6ae460cf182c) Importer(2089858483,b0f066a214c2f5e87bad3c948f4d605d)
Start importing Assets/TextMesh Pro/Shaders/TMP_Sprite.shader using Guid(cf81c85f95fe47e1a27f6ae460cf182c) Importer(2089858483,b0f066a214c2f5e87bad3c948f4d605d) (ScriptedImporter) -> (artifact id: 'c67aae10ec8cbd8d0d1187d916d0f6bd') in 0.0156542 seconds
Number of updated asset objects reloaded before import = 0Number of asset objects unloaded after import = 1

========================================================================
Received Import Request.
  Time since last request: 0.000018 seconds.
  path: Assets/Materials/Material_Simple_Red.mat
  artifactKey: Guid(7ac70cd0acd7fe043821d114c9ae5fda) Importer(2089858483,b0f066a214c2f5e87bad3c948f4d605d)
Start importing Assets/Materials/Material_Simple_Red.mat using Guid(7ac70cd0acd7fe043821d114c9ae5fda) Importer(2089858483,b0f066a214c2f5e87bad3c948f4d605d) (ScriptedImporter) -> (artifact id: '7e664a1d2ad90f13ccad2243bde8198a') in 0.0175516 seconds
Number of updated asset objects reloaded before import = 0Number of asset objects unloaded after import = 1

========================================================================
Received Import Request.
  Time since last request: 0.000019 seconds.
  path: Assets/Tutorials/t2_Fundamentals/s2.8_Add stairs to the scene.asset
  artifactKey: Guid(af1afcf345d441f42804f525138f2a4a) Importer(2089858483,b0f066a214c2f5e87bad3c948f4d605d)
Start importing Assets/Tutorials/t2_Fundamentals/s2.8_Add stairs to the scene.asset using Guid(af1afcf345d441f42804f525138f2a4a) Importer(2089858483,b0f066a214c2f5e87bad3c948f4d605d) (ScriptedImporter) -> (artifact id: 'df88b1a4c7cef80a8aaa241cc5ab7d89') in 0.0269064 seconds
Number of updated asset objects reloaded before import = 0Number of asset objects unloaded after import = 2

========================================================================
Received Import Request.
  Time since last request: 0.000027 seconds.
  path: Assets/Tutorials/t5_Future/t5_Future learning! A reference.asset
  artifactKey: Guid(6b283ecb52dec3349a4d20456f0d9709) Importer(2089858483,b0f066a214c2f5e87bad3c948f4d605d)
Start importing Assets/Tutorials/t5_Future/t5_Future learning! A reference.asset using Guid(6b283ecb52dec3349a4d20456f0d9709) Importer(2089858483,b0f066a214c2f5e87bad3c948f4d605d) (ScriptedImporter) -> (artifact id: '5f4a06e0751fc53f14c6858e34d2f4de') in 0.1713134 seconds
Number of updated asset objects reloaded before import = 0Number of asset objects unloaded after import = 93

========================================================================
Received Import Request.
  Time since last request: 0.000029 seconds.
  path: Assets/Tutorials/Welcome Dialogue.asset
  artifactKey: Guid(d3ec46d7245fb7740bc81ac54e729271) Importer(2089858483,b0f066a214c2f5e87bad3c948f4d605d)
Start importing Assets/Tutorials/Welcome Dialogue.asset using Guid(d3ec46d7245fb7740bc81ac54e729271) Importer(2089858483,b0f066a214c2f5e87bad3c948f4d605d) (ScriptedImporter) -> (artifact id: '6ab67147e0da006ee5fff5b154824c1a') in 0.1766375 seconds
Number of updated asset objects reloaded before import = 0Number of asset objects unloaded after import = 94

========================================================================
Received Import Request.
  Time since last request: 0.000032 seconds.
  path: Assets/SourceFiles/Textures/Repeating Tiles/Moon_AO.png
  artifactKey: Guid(b55007425b21ce444b69df329ff0e907) Importer(2089858483,b0f066a214c2f5e87bad3c948f4d605d)
Start importing Assets/SourceFiles/Textures/Repeating Tiles/Moon_AO.png using Guid(b55007425b21ce444b69df329ff0e907) Importer(2089858483,b0f066a214c2f5e87bad3c948f4d605d) (ScriptedImporter) -> (artifact id: '46b260677c06a273f6c1a458d0196eb6') in 0.032195 seconds
Number of updated asset objects reloaded before import = 0Number of asset objects unloaded after import = 1

========================================================================
Received Import Request.
  Time since last request: 0.000015 seconds.
  path: Assets/SourceFiles/TimmyRobot/Models/TimmyRobot.fbx
  artifactKey: Guid(51c206fca38fb1942be8799cf6689314) Importer(2089858483,b0f066a214c2f5e87bad3c948f4d605d)
Start importing Assets/SourceFiles/TimmyRobot/Models/TimmyRobot.fbx using Guid(51c206fca38fb1942be8799cf6689314) Importer(2089858483,b0f066a214c2f5e87bad3c948f4d605d) (ScriptedImporter) -> (artifact id: 'fef09ec5d6a632fab6880c94b1321c93') in 0.0241985 seconds
Number of updated asset objects reloaded before import = 0Number of asset objects unloaded after import = 124

========================================================================
Received Import Request.
  Time since last request: 0.000018 seconds.
  path: Assets/TextMesh Pro/Shaders/TMP_Bitmap-Mobile.shader
  artifactKey: Guid(1e3b057af24249748ff873be7fafee47) Importer(2089858483,b0f066a214c2f5e87bad3c948f4d605d)
Start importing Assets/TextMesh Pro/Shaders/TMP_Bitmap-Mobile.shader using Guid(1e3b057af24249748ff873be7fafee47) Importer(2089858483,b0f066a214c2f5e87bad3c948f4d605d) (ScriptedImporter) -> (artifact id: '950d4ce48f15704c33aebcea3780c2de') in 0.0165675 seconds
Number of updated asset objects reloaded before import = 0Number of asset objects unloaded after import = 1

========================================================================
Received Import Request.
  Time since last request: 0.000018 seconds.
  path: Assets/Tutorials/Media/5.0 Icon.png
  artifactKey: Guid(4b290361983d35f4cb73ddf651f1dc1f) Importer(2089858483,b0f066a214c2f5e87bad3c948f4d605d)
Start importing Assets/Tutorials/Media/5.0 Icon.png using Guid(4b290361983d35f4cb73ddf651f1dc1f) Importer(2089858483,b0f066a214c2f5e87bad3c948f4d605d) (ScriptedImporter) -> (artifact id: 'a30653227e1498912717dbf2f41367b0') in 0.0173957 seconds
Number of updated asset objects reloaded before import = 0Number of asset objects unloaded after import = 1

========================================================================
Received Import Request.
  Time since last request: 0.000025 seconds.
  path: Assets/TextMesh Pro/Shaders/TMP_SDF SSD.shader
  artifactKey: Guid(14eb328de4b8eb245bb7cea29e4ac00b) Importer(2089858483,b0f066a214c2f5e87bad3c948f4d605d)
Start importing Assets/TextMesh Pro/Shaders/TMP_SDF SSD.shader using Guid(14eb328de4b8eb245bb7cea29e4ac00b) Importer(2089858483,b0f066a214c2f5e87bad3c948f4d605d) (ScriptedImporter) -> (artifact id: '50047cc72d49c41e3cdb188ef03f006d') in 0.0206517 seconds
Number of updated asset objects reloaded before import = 0Number of asset objects unloaded after import = 2

========================================================================
Received Import Request.
  Time since last request: 0.000064 seconds.
  path: Assets/Tutorials/Media/2.0 Icon.png
  artifactKey: Guid(ee64a6b5933dd4020ad8232fea261ced) Importer(2089858483,b0f066a214c2f5e87bad3c948f4d605d)
Start importing Assets/Tutorials/Media/2.0 Icon.png using Guid(ee64a6b5933dd4020ad8232fea261ced) Importer(2089858483,b0f066a214c2f5e87bad3c948f4d605d) (ScriptedImporter) -> (artifact id: '78ff0d07d61485b5b3b266886ea12a1a') in 0.0257404 seconds
Number of updated asset objects reloaded before import = 0Number of asset objects unloaded after import = 1

========================================================================
Received Import Request.
  Time since last request: 0.000020 seconds.
  path: Assets/SourceFiles/Textures/Repeating Tiles/FootPrintSand_Albedo.png
  artifactKey: Guid(27873903520213b49962817009f2b9e9) Importer(2089858483,b0f066a214c2f5e87bad3c948f4d605d)
Start importing Assets/SourceFiles/Textures/Repeating Tiles/FootPrintSand_Albedo.png using Guid(27873903520213b49962817009f2b9e9) Importer(2089858483,b0f066a214c2f5e87bad3c948f4d605d) (ScriptedImporter) -> (artifact id: '8271de3b6fc3873b09361cb64fe40ec4') in 0.0340838 seconds
Number of updated asset objects reloaded before import = 0Number of asset objects unloaded after import = 1

========================================================================
Received Import Request.
  Time since last request: 0.000021 seconds.
  path: Assets/Tutorials/Media/3.14 Share you creation.png
  artifactKey: Guid(027bc0d9a0d0043bf8c45ffcca8543d6) Importer(2089858483,b0f066a214c2f5e87bad3c948f4d605d)
Start importing Assets/Tutorials/Media/3.14 Share you creation.png using Guid(027bc0d9a0d0043bf8c45ffcca8543d6) Importer(2089858483,b0f066a214c2f5e87bad3c948f4d605d) (ScriptedImporter) -> (artifact id: '7b35a88224efb936e214f2fed115c922') in 0.0266791 seconds
Number of updated asset objects reloaded before import = 0Number of asset objects unloaded after import = 1

========================================================================
Received Import Request.
  Time since last request: 0.000025 seconds.
  path: Assets/Tutorials/t4_Share/s4.3_Build your project.asset
  artifactKey: Guid(9ad978826897c4f3985bec5e14332d0f) Importer(2089858483,b0f066a214c2f5e87bad3c948f4d605d)
Start importing Assets/Tutorials/t4_Share/s4.3_Build your project.asset using Guid(9ad978826897c4f3985bec5e14332d0f) Importer(2089858483,b0f066a214c2f5e87bad3c948f4d605d) (ScriptedImporter) -> (artifact id: 'a82f5a70c39d266cc042471c92f81170') in 0.0224661 seconds
Number of updated asset objects reloaded before import = 0Number of asset objects unloaded after import = 2

========================================================================
Received Import Request.
  Time since last request: 0.000019 seconds.
  path: Assets/SourceFiles/Textures/Repeating Tiles/Tile_CheckerBoard_normal.png
  artifactKey: Guid(bad88130dc45ed34286f3048dcee2185) Importer(2089858483,b0f066a214c2f5e87bad3c948f4d605d)
Start importing Assets/SourceFiles/Textures/Repeating Tiles/Tile_CheckerBoard_normal.png using Guid(bad88130dc45ed34286f3048dcee2185) Importer(2089858483,b0f066a214c2f5e87bad3c948f4d605d) (ScriptedImporter) -> (artifact id: '526b43eecefc54f0b93ef8daa264ee28') in 0.0190739 seconds
Number of updated asset objects reloaded before import = 0Number of asset objects unloaded after import = 1

========================================================================
Received Import Request.
  Time since last request: 0.000037 seconds.
  path: Assets/SourceFiles/Resources/PerformanceTestRunInfo.json
  artifactKey: Guid(9408ff6ddc6b54943973197f09fe8a0b) Importer(2089858483,b0f066a214c2f5e87bad3c948f4d605d)
Start importing Assets/SourceFiles/Resources/PerformanceTestRunInfo.json using Guid(9408ff6ddc6b54943973197f09fe8a0b) Importer(2089858483,b0f066a214c2f5e87bad3c948f4d605d) (ScriptedImporter) -> (artifact id: 'fd9c67c6e2889b23158ad2e2ee99bbd3') in 0.0244438 seconds
Number of updated asset objects reloaded before import = 0Number of asset objects unloaded after import = 1

========================================================================
Received Import Request.
  Time since last request: 0.000020 seconds.
  path: Assets/SourceFiles/Textures/Repeating Tiles/SandWavey_Normal.tif
  artifactKey: Guid(2421a29b648cc4e45a27416c73e64106) Importer(2089858483,b0f066a214c2f5e87bad3c948f4d605d)
Start importing Assets/SourceFiles/Textures/Repeating Tiles/SandWavey_Normal.tif using Guid(2421a29b648cc4e45a27416c73e64106) Importer(2089858483,b0f066a214c2f5e87bad3c948f4d605d) (ScriptedImporter) -> (artifact id: '65d3c4642dab4f506e135e4feb495e27') in 0.018736 seconds
Number of updated asset objects reloaded before import = 0Number of asset objects unloaded after import = 1

========================================================================
Received Import Request.
  Time since last request: 0.000028 seconds.
  path: Assets/SourceFiles/TimmyRobot/Sfx/Player_Footstep_04.wav
  artifactKey: Guid(1a91fcd19acf1e54bba0945d9f390849) Importer(2089858483,b0f066a214c2f5e87bad3c948f4d605d)
Start importing Assets/SourceFiles/TimmyRobot/Sfx/Player_Footstep_04.wav using Guid(1a91fcd19acf1e54bba0945d9f390849) Importer(2089858483,b0f066a214c2f5e87bad3c948f4d605d) (ScriptedImporter) -> (artifact id: '80a277c30e5123bc6f32f7ad53d81ad3') in 0.0310814 seconds
Number of updated asset objects reloaded before import = 0Number of asset objects unloaded after import = 1

========================================================================
Received Import Request.
  Time since last request: 0.000017 seconds.
  path: Assets/SourceFiles/TimmyRobot/Sfx/Player_Footstep_03.wav
  artifactKey: Guid(186de84b3207156479abe98f4958fed0) Importer(2089858483,b0f066a214c2f5e87bad3c948f4d605d)
Start importing Assets/SourceFiles/TimmyRobot/Sfx/Player_Footstep_03.wav using Guid(186de84b3207156479abe98f4958fed0) Importer(2089858483,b0f066a214c2f5e87bad3c948f4d605d) (ScriptedImporter) -> (artifact id: 'f526004406189637083c59bb4a864fe2') in 0.0301664 seconds
Number of updated asset objects reloaded before import = 0Number of asset objects unloaded after import = 1

========================================================================
Received Import Request.
  Time since last request: 0.000014 seconds.
  path: Assets/Tutorials/Settings/Styles_Dark_Large_Font.uss
  artifactKey: Guid(29318b57ddc2f49c0be6aa320f2af055) Importer(2089858483,b0f066a214c2f5e87bad3c948f4d605d)
Start importing Assets/Tutorials/Settings/Styles_Dark_Large_Font.uss using Guid(29318b57ddc2f49c0be6aa320f2af055) Importer(2089858483,b0f066a214c2f5e87bad3c948f4d605d) (ScriptedImporter) -> (artifact id: '5b2bffdc486c65fff782238e635d2697') in 0.0184328 seconds
Number of updated asset objects reloaded before import = 0Number of asset objects unloaded after import = 3

========================================================================
Received Import Request.
  Time since last request: 0.000042 seconds.
  path: Assets/SourceFiles/SoundFX/SFX_Respawn.ogg
  artifactKey: Guid(55462452cb80442b6acf85f10b161e13) Importer(2089858483,b0f066a214c2f5e87bad3c948f4d605d)
Start importing Assets/SourceFiles/SoundFX/SFX_Respawn.ogg using Guid(55462452cb80442b6acf85f10b161e13) Importer(2089858483,b0f066a214c2f5e87bad3c948f4d605d) (ScriptedImporter) -> (artifact id: '654764db39c9a9dd58ed1fe23db759b6') in 0.0408209 seconds
Number of updated asset objects reloaded before import = 0Number of asset objects unloaded after import = 1

========================================================================
Received Import Request.
  Time since last request: 0.000029 seconds.
  path: Assets/SourceFiles/TimmyRobot/Sfx/Player_Footstep_06.wav
  artifactKey: Guid(29841e7d5bbfb5b419c9ad16ca8bc4c1) Importer(2089858483,b0f066a214c2f5e87bad3c948f4d605d)
Start importing Assets/SourceFiles/TimmyRobot/Sfx/Player_Footstep_06.wav using Guid(29841e7d5bbfb5b419c9ad16ca8bc4c1) Importer(2089858483,b0f066a214c2f5e87bad3c948f4d605d) (ScriptedImporter) -> (artifact id: '45c09d164e30717244cb849d1e0be869') in 0.0316536 seconds
Number of updated asset objects reloaded before import = 0Number of asset objects unloaded after import = 1

========================================================================
Received Import Request.
  Time since last request: 0.000036 seconds.
  path: Assets/Prefabs/Wall_Light_Left.prefab
  artifactKey: Guid(6d22cb59a855741de8da3725eb7ea9bf) Importer(2089858483,b0f066a214c2f5e87bad3c948f4d605d)
Start importing Assets/Prefabs/Wall_Light_Left.prefab using Guid(6d22cb59a855741de8da3725eb7ea9bf) Importer(2089858483,b0f066a214c2f5e87bad3c948f4d605d) (ScriptedImporter) -> (artifact id: '3e819630908cc43826da94e637c77737') in 0.0407339 seconds
Number of updated asset objects reloaded before import = 0Number of asset objects unloaded after import = 13

========================================================================
Received Import Request.
  Time since last request: 0.000022 seconds.
  path: Assets/Tutorials/t2_Fundamentals/s2.4_Look around.asset
  artifactKey: Guid(ea62241553a5c7249a940c916ed2b33a) Importer(2089858483,b0f066a214c2f5e87bad3c948f4d605d)
Start importing Assets/Tutorials/t2_Fundamentals/s2.4_Look around.asset using Guid(ea62241553a5c7249a940c916ed2b33a) Importer(2089858483,b0f066a214c2f5e87bad3c948f4d605d) (ScriptedImporter) -> (artifact id: '326a8fb8565181ecc2e719c40277462e') in 0.0233493 seconds
Number of updated asset objects reloaded before import = 0Number of asset objects unloaded after import = 2

========================================================================
Received Import Request.
  Time since last request: 0.000060 seconds.
  path: Assets/TextMesh Pro/Shaders/TMPro.cginc
  artifactKey: Guid(407bc68d299748449bbf7f48ee690f8d) Importer(2089858483,b0f066a214c2f5e87bad3c948f4d605d)
Start importing Assets/TextMesh Pro/Shaders/TMPro.cginc using Guid(407bc68d299748449bbf7f48ee690f8d) Importer(2089858483,b0f066a214c2f5e87bad3c948f4d605d) (ScriptedImporter) -> (artifact id: 'dd50fb00f16113cd0d6af8374319d275') in 0.0372277 seconds
Number of updated asset objects reloaded before import = 0Number of asset objects unloaded after import = 1

========================================================================
Received Import Request.
  Time since last request: 0.000016 seconds.
  path: Assets/TextMesh Pro/Shaders/TMP_SDF Overlay.shader
  artifactKey: Guid(dd89cf5b9246416f84610a006f916af7) Importer(2089858483,b0f066a214c2f5e87bad3c948f4d605d)
Start importing Assets/TextMesh Pro/Shaders/TMP_SDF Overlay.shader using Guid(dd89cf5b9246416f84610a006f916af7) Importer(2089858483,b0f066a214c2f5e87bad3c948f4d605d) (ScriptedImporter) -> (artifact id: 'e6c1e63360ba2131a50b7dbb2de30efd') in 0.0180718 seconds
Number of updated asset objects reloaded before import = 0Number of asset objects unloaded after import = 2

========================================================================
Received Import Request.
  Time since last request: 0.000017 seconds.
  path: Assets
  artifactKey: Guid(00000000000000001000000000000000) Importer(815301076,1909f56bfc062723c751e8b465ee728b)
Start importing Assets using Guid(00000000000000001000000000000000) Importer(815301076,1909f56bfc062723c751e8b465ee728b) (PreviewImporter) -> (artifact id: 'c391582d739b6e62a5220f35cbb167ac') in 0.0004973 seconds
Number of updated asset objects reloaded before import = 0Number of asset objects unloaded after import = 0

========================================================================
Received Import Request.
  Time since last request: 0.000025 seconds.
  path: Assets/Tutorials/Media/2.2 Change A Material.webm
  artifactKey: Guid(0c9116a7581975a42a82fd5e5c16ac4f) Importer(2089858483,b0f066a214c2f5e87bad3c948f4d605d)
Start importing Assets/Tutorials/Media/2.2 Change A Material.webm using Guid(0c9116a7581975a42a82fd5e5c16ac4f) Importer(2089858483,b0f066a214c2f5e87bad3c948f4d605d) (ScriptedImporter) -> (artifact id: '4c94b7fc04e56f3eb5af3326aba75d36') in 0.014754 seconds
Number of updated asset objects reloaded before import = 0Number of asset objects unloaded after import = 1

========================================================================
Received Import Request.
  Time since last request: 0.000017 seconds.
  path: Assets/SourceFiles/Textures/Repeating Tiles/Tile_Sky.png
  artifactKey: Guid(4fc8fad63c5781c4994bdab5fce3b8f3) Importer(2089858483,b0f066a214c2f5e87bad3c948f4d605d)
Start importing Assets/SourceFiles/Textures/Repeating Tiles/Tile_Sky.png using Guid(4fc8fad63c5781c4994bdab5fce3b8f3) Importer(2089858483,b0f066a214c2f5e87bad3c948f4d605d) (ScriptedImporter) -> (artifact id: '8c6e52276994f3b5afc00ca15915a971') in 0.0310747 seconds
Number of updated asset objects reloaded before import = 0Number of asset objects unloaded after import = 1

========================================================================
Received Import Request.
  Time since last request: 0.000016 seconds.
  path: Assets/Tutorials/Settings/Styles_Light_Large_Font.uss
  artifactKey: Guid(be4179ec15d9d4aa4a487c32c7cb868a) Importer(2089858483,b0f066a214c2f5e87bad3c948f4d605d)
Start importing Assets/Tutorials/Settings/Styles_Light_Large_Font.uss using Guid(be4179ec15d9d4aa4a487c32c7cb868a) Importer(2089858483,b0f066a214c2f5e87bad3c948f4d605d) (ScriptedImporter) -> (artifact id: 'e086354ec8974b25899727667b2ed305') in 0.0160501 seconds
Number of updated asset objects reloaded before import = 0Number of asset objects unloaded after import = 3

========================================================================
Received Import Request.
  Time since last request: 0.000019 seconds.
  path: Assets/Tutorials/Media/1.3 Welcome to the project.png
  artifactKey: Guid(67bddfe39938b40508d67abd6f3a7b6a) Importer(2089858483,b0f066a214c2f5e87bad3c948f4d605d)
Start importing Assets/Tutorials/Media/1.3 Welcome to the project.png using Guid(67bddfe39938b40508d67abd6f3a7b6a) Importer(2089858483,b0f066a214c2f5e87bad3c948f4d605d) (ScriptedImporter) -> (artifact id: 'f1be3a0aa4f83645a9a1e35b404d920f') in 0.0192024 seconds
Number of updated asset objects reloaded before import = 0Number of asset objects unloaded after import = 1

========================================================================
Received Import Request.
  Time since last request: 0.000028 seconds.
  path: Assets/SourceFiles/Textures/Repeating Tiles/Tile_Hexagon_Albedo.png
  artifactKey: Guid(44a02cff2c4277f49bd444b9a8eae7ea) Importer(2089858483,b0f066a214c2f5e87bad3c948f4d605d)
Start importing Assets/SourceFiles/Textures/Repeating Tiles/Tile_Hexagon_Albedo.png using Guid(44a02cff2c4277f49bd444b9a8eae7ea) Importer(2089858483,b0f066a214c2f5e87bad3c948f4d605d) (ScriptedImporter) -> (artifact id: '3a7a20cd9572e743007d8904915b1f23') in 0.0189346 seconds
Number of updated asset objects reloaded before import = 0Number of asset objects unloaded after import = 1

========================================================================
Received Import Request.
  Time since last request: 0.000016 seconds.
  path: Assets/Prefabs/Stairs.prefab
  artifactKey: Guid(85137749cac42ae4abf354efb349ceaa) Importer(2089858483,b0f066a214c2f5e87bad3c948f4d605d)
Start importing Assets/Prefabs/Stairs.prefab using Guid(85137749cac42ae4abf354efb349ceaa) Importer(2089858483,b0f066a214c2f5e87bad3c948f4d605d) (ScriptedImporter) -> (artifact id: '213bd34a316e358eba994ee140ccab09') in 0.030089 seconds
Number of updated asset objects reloaded before import = 0Number of asset objects unloaded after import = 10

========================================================================
Received Import Request.
  Time since last request: 0.000016 seconds.
  path: Assets/SourceFiles/VFX/VFX_FloatUp.prefab
  artifactKey: Guid(0e62c4d669c52425fa7ad6a0a297dd84) Importer(2089858483,b0f066a214c2f5e87bad3c948f4d605d)
Start importing Assets/SourceFiles/VFX/VFX_FloatUp.prefab using Guid(0e62c4d669c52425fa7ad6a0a297dd84) Importer(2089858483,b0f066a214c2f5e87bad3c948f4d605d) (ScriptedImporter) -> (artifact id: 'f5727bed37a158948ec7f76b6c8b7c16') in 0.0591295 seconds
Number of updated asset objects reloaded before import = 0Number of asset objects unloaded after import = 8

========================================================================
Received Import Request.
  Time since last request: 0.000020 seconds.
  path: Assets/Tutorials/Media/3.9 Add A Visual Effect.webm
  artifactKey: Guid(95a43a65a1ae35c42b205dd31287e66d) Importer(2089858483,b0f066a214c2f5e87bad3c948f4d605d)
Start importing Assets/Tutorials/Media/3.9 Add A Visual Effect.webm using Guid(95a43a65a1ae35c42b205dd31287e66d) Importer(2089858483,b0f066a214c2f5e87bad3c948f4d605d) (ScriptedImporter) -> (artifact id: 'ec63e10da5b690ac136d34a3fffb0512') in 0.0191666 seconds
Number of updated asset objects reloaded before import = 0Number of asset objects unloaded after import = 1

========================================================================
Received Import Request.
  Time since last request: 0.000027 seconds.
  path: Assets/TextMesh Pro/Resources/TMP Settings.asset
  artifactKey: Guid(3f5b5dff67a942289a9defa416b206f3) Importer(2089858483,b0f066a214c2f5e87bad3c948f4d605d)
Start importing Assets/TextMesh Pro/Resources/TMP Settings.asset using Guid(3f5b5dff67a942289a9defa416b206f3) Importer(2089858483,b0f066a214c2f5e87bad3c948f4d605d) (ScriptedImporter) -> (artifact id: 'cb2055eea2e0dc7d5812d17eda9e9f51') in 0.0495583 seconds
Number of updated asset objects reloaded before import = 0Number of asset objects unloaded after import = 16

========================================================================
Received Import Request.
  Time since last request: 0.000017 seconds.
  path: Assets/Tutorials/Media/3.3 Add Moving Platform.webm
  artifactKey: Guid(2f7611745fcef9d4796eb6a657aebce6) Importer(2089858483,b0f066a214c2f5e87bad3c948f4d605d)
Start importing Assets/Tutorials/Media/3.3 Add Moving Platform.webm using Guid(2f7611745fcef9d4796eb6a657aebce6) Importer(2089858483,b0f066a214c2f5e87bad3c948f4d605d) (ScriptedImporter) -> (artifact id: 'd0ebb44264b16a33d64b95b93060e3fd') in 0.0147332 seconds
Number of updated asset objects reloaded before import = 0Number of asset objects unloaded after import = 1

========================================================================
Received Import Request.
  Time since last request: 0.000016 seconds.
  path: Assets/TextMesh Pro/Shaders/TMP_Bitmap.shader
  artifactKey: Guid(128e987d567d4e2c824d754223b3f3b0) Importer(2089858483,b0f066a214c2f5e87bad3c948f4d605d)
Start importing Assets/TextMesh Pro/Shaders/TMP_Bitmap.shader using Guid(128e987d567d4e2c824d754223b3f3b0) Importer(2089858483,b0f066a214c2f5e87bad3c948f4d605d) (ScriptedImporter) -> (artifact id: 'bd874f7a7f0e5a96a0722304ebad69bd') in 0.0160701 seconds
Number of updated asset objects reloaded before import = 0Number of asset objects unloaded after import = 1

========================================================================
Received Import Request.
  Time since last request: 0.000019 seconds.
  path: Assets/Materials/Material_Moon.mat
  artifactKey: Guid(079afe837d731314d821227726dfcfe9) Importer(2089858483,b0f066a214c2f5e87bad3c948f4d605d)
Start importing Assets/Materials/Material_Moon.mat using Guid(079afe837d731314d821227726dfcfe9) Importer(2089858483,b0f066a214c2f5e87bad3c948f4d605d) (ScriptedImporter) -> (artifact id: '6a994c75e8d713443d8422a25aac6e96') in 0.0346626 seconds
Number of updated asset objects reloaded before import = 0Number of asset objects unloaded after import = 4

========================================================================
Received Import Request.
  Time since last request: 0.000027 seconds.
  path: Assets/SourceFiles/Models/CubeHollow.FBX
  artifactKey: Guid(87f98e10f670f9e4a8ef47bb8b815fb2) Importer(2089858483,b0f066a214c2f5e87bad3c948f4d605d)
Start importing Assets/SourceFiles/Models/CubeHollow.FBX using Guid(87f98e10f670f9e4a8ef47bb8b815fb2) Importer(2089858483,b0f066a214c2f5e87bad3c948f4d605d) (ScriptedImporter) -> (artifact id: '05de565a2bb563e57b31dd1f0a51276f') in 0.031848 seconds
Number of updated asset objects reloaded before import = 0Number of asset objects unloaded after import = 7

========================================================================
Received Import Request.
  Time since last request: 0.000017 seconds.
  path: Assets/Tutorials/t1_Interface/s1.3_Welcome to the project.asset
  artifactKey: Guid(23dd953812afeb0488e0b33d29fa6943) Importer(2089858483,b0f066a214c2f5e87bad3c948f4d605d)
Start importing Assets/Tutorials/t1_Interface/s1.3_Welcome to the project.asset using Guid(23dd953812afeb0488e0b33d29fa6943) Importer(2089858483,b0f066a214c2f5e87bad3c948f4d605d) (ScriptedImporter) -> (artifact id: '52ae46e015256bf54c8d7f4ab0ab7f16') in 0.0192323 seconds
Number of updated asset objects reloaded before import = 0Number of asset objects unloaded after import = 3

========================================================================
Received Import Request.
  Time since last request: 0.000019 seconds.
  path: Assets/Tutorials/t4_Share/s4.2_Switch platform.asset
  artifactKey: Guid(d9ec8c0fe37add440a9f1ded138a6d8d) Importer(2089858483,b0f066a214c2f5e87bad3c948f4d605d)
Start importing Assets/Tutorials/t4_Share/s4.2_Switch platform.asset using Guid(d9ec8c0fe37add440a9f1ded138a6d8d) Importer(2089858483,b0f066a214c2f5e87bad3c948f4d605d) (ScriptedImporter) -> (artifact id: 'bb93c57a9fe14c88f3fb2c6ab12eb2f6') in 0.0193773 seconds
Number of updated asset objects reloaded before import = 0Number of asset objects unloaded after import = 2

========================================================================
Received Import Request.
  Time since last request: 0.000019 seconds.
  path: Assets/SourceFiles/Models/Box_350x250x200_Mesh.fbx
  artifactKey: Guid(c6a55ba99e9e99d41b7eef123e311a43) Importer(2089858483,b0f066a214c2f5e87bad3c948f4d605d)
Start importing Assets/SourceFiles/Models/Box_350x250x200_Mesh.fbx using Guid(c6a55ba99e9e99d41b7eef123e311a43) Importer(2089858483,b0f066a214c2f5e87bad3c948f4d605d) (ScriptedImporter) -> (artifact id: 'de04277cc265f0d3a10ba7bed65c2e36') in 0.0232494 seconds
Number of updated asset objects reloaded before import = 0Number of asset objects unloaded after import = 8

========================================================================
Received Import Request.
  Time since last request: 0.000046 seconds.
  path: Assets/SourceFiles/Textures/Repeating Tiles/Circuit_Albedo.png
  artifactKey: Guid(f1417b537c66d4b8c980eee810652ed4) Importer(2089858483,b0f066a214c2f5e87bad3c948f4d605d)
Start importing Assets/SourceFiles/Textures/Repeating Tiles/Circuit_Albedo.png using Guid(f1417b537c66d4b8c980eee810652ed4) Importer(2089858483,b0f066a214c2f5e87bad3c948f4d605d) (ScriptedImporter) -> (artifact id: '154a73d278c7f6dd6cfc4390dcf19df7') in 0.021105 seconds
Number of updated asset objects reloaded before import = 0Number of asset objects unloaded after import = 1

========================================================================
Received Import Request.
  Time since last request: 0.000015 seconds.
  path: Assets/SourceFiles/Textures/Repeating Tiles/SandTrodden_Normal.tif
  artifactKey: Guid(82e5a9d772927344c858544ed89a98ea) Importer(2089858483,b0f066a214c2f5e87bad3c948f4d605d)
Start importing Assets/SourceFiles/Textures/Repeating Tiles/SandTrodden_Normal.tif using Guid(82e5a9d772927344c858544ed89a98ea) Importer(2089858483,b0f066a214c2f5e87bad3c948f4d605d) (ScriptedImporter) -> (artifact id: '3f0c1530916baa2ca3738bdf5d029b8a') in 0.0186546 seconds
Number of updated asset objects reloaded before import = 0Number of asset objects unloaded after import = 1

========================================================================
Received Import Request.
  Time since last request: 0.000018 seconds.
  path: Assets/SourceFiles/SoundFX/Music_Exciting.ogg
  artifactKey: Guid(eacade5c242bd4e0db8d0ff9d7e8a6b6) Importer(2089858483,b0f066a214c2f5e87bad3c948f4d605d)
Start importing Assets/SourceFiles/SoundFX/Music_Exciting.ogg using Guid(eacade5c242bd4e0db8d0ff9d7e8a6b6) Importer(2089858483,b0f066a214c2f5e87bad3c948f4d605d) (ScriptedImporter) -> (artifact id: '022261c0e13855aebd374bf8f4faf595') in 0.0298315 seconds
Number of updated asset objects reloaded before import = 0Number of asset objects unloaded after import = 1

========================================================================
Received Import Request.
  Time since last request: 0.000026 seconds.
  path: Assets/Tutorials/t3_Explore/s3.4_Lighting.asset
  artifactKey: Guid(3ef3452b7779b4032a540026d9d65271) Importer(2089858483,b0f066a214c2f5e87bad3c948f4d605d)
Start importing Assets/Tutorials/t3_Explore/s3.4_Lighting.asset using Guid(3ef3452b7779b4032a540026d9d65271) Importer(2089858483,b0f066a214c2f5e87bad3c948f4d605d) (ScriptedImporter) -> (artifact id: '3f937403bf2bab4d4290db2e7780fb57') in 0.0231253 seconds
Number of updated asset objects reloaded before import = 0Number of asset objects unloaded after import = 2

========================================================================
Received Import Request.
  Time since last request: 0.000026 seconds.
  path: Assets/SourceFiles/Textures/Repeating Tiles/Circuit_Normal.png
  artifactKey: Guid(e896c704088c74414bd21d092fae79a6) Importer(2089858483,b0f066a214c2f5e87bad3c948f4d605d)
Start importing Assets/SourceFiles/Textures/Repeating Tiles/Circuit_Normal.png using Guid(e896c704088c74414bd21d092fae79a6) Importer(2089858483,b0f066a214c2f5e87bad3c948f4d605d) (ScriptedImporter) -> (artifact id: '433b05bf2f847b2a92ed848739a79a0b') in 0.0218849 seconds
Number of updated asset objects reloaded before import = 0Number of asset objects unloaded after import = 1

========================================================================
Received Import Request.
  Time since last request: 0.000014 seconds.
  path: Assets/Tutorials/Media/2.9 Rotate Stairs.webm
  artifactKey: Guid(32b80aa13bb3e374f8eca538c4bc5c03) Importer(2089858483,b0f066a214c2f5e87bad3c948f4d605d)
Start importing Assets/Tutorials/Media/2.9 Rotate Stairs.webm using Guid(32b80aa13bb3e374f8eca538c4bc5c03) Importer(2089858483,b0f066a214c2f5e87bad3c948f4d605d) (ScriptedImporter) -> (artifact id: '7fde55b3c9f24e1dfb03c07e36da6545') in 0.0156733 seconds
Number of updated asset objects reloaded before import = 0Number of asset objects unloaded after import = 1

========================================================================
Received Import Request.
  Time since last request: 0.000031 seconds.
  path: Assets/Tutorials/t3_Explore/s3.7_Add ambient audio.asset
  artifactKey: Guid(9bdf7f0bd2701454f90bb7dde8f2d578) Importer(2089858483,b0f066a214c2f5e87bad3c948f4d605d)
Start importing Assets/Tutorials/t3_Explore/s3.7_Add ambient audio.asset using Guid(9bdf7f0bd2701454f90bb7dde8f2d578) Importer(2089858483,b0f066a214c2f5e87bad3c948f4d605d) (ScriptedImporter) -> (artifact id: '0424f77c51ec9439d31db3d543ec0b1a') in 0.017601 seconds
Number of updated asset objects reloaded before import = 0Number of asset objects unloaded after import = 2

========================================================================
Received Prepare
Assembly reference Packages/com.unity.cinemachine/Editor/Samples/ExposeHDRPInternals/HDRP-Editor-ref.asmref has no target assembly definition
Assembly reference Packages/com.unity.cinemachine/Editor/Samples/ExposeHDRPInternals/HDRP-Editor-ref.asmref has no target assembly definition
Begin MonoManager ReloadAssembly
[Licensing::Client] Successfully resolved entitlement details
ADTM: Control thread waiting for realtime thread timed out, have to lock...
- Loaded All Assemblies, in  1.887 seconds
Assembly reference Packages/com.unity.cinemachine/Editor/Samples/ExposeHDRPInternals/HDRP-Editor-ref.asmref has no target assembly definition
'Packages/com.unity.cinemachine/Editor/Obsolete/CinemachineVirtualCameraBaseEditor.cs' contains partial class of Unity.Object, exactly 1 of the partial classes needs to be in a file with the same filename. This is to know the one that can be referenced from ie. GameObjects
'Packages/com.unity.cinemachine/Editor/Editors/CinemachineVirtualCameraBaseEditor.cs' contains partial class of Unity.Object, exactly 1 of the partial classes needs to be in a file with the same filename. This is to know the one that can be referenced from ie. GameObjects
Refreshing native plugins compatible for Editor in 0.26 ms, found 0 plugins.
Native extension for WindowsStandalone target not found
Assembly reference Packages/com.unity.cinemachine/Editor/Samples/ExposeHDRPInternals/HDRP-Editor-ref.asmref has no target assembly definition
[Package Manager] Failed to launch server process. Reason: Unity was launched with the -noUpm command-line argument
[Package Manager] Unable to send message (not connected to server process).
[Package Manager] Cannot connect to Unity Package Manager local server
Mono: successfully reloaded assembly
- Finished resetting the current domain, in  1.613 seconds
Domain Reload Profiling: 3494ms
	BeginReloadAssembly (1310ms)
		ExecutionOrderSort (0ms)
		DisableScriptedObjects (12ms)
		BackupInstance (0ms)
		ReleaseScriptingObjects (0ms)
		CreateAndSetChildDomain (1070ms)
	RebuildCommonClasses (49ms)
	RebuildNativeTypeToScriptingClass (19ms)
	initialDomainReloadingComplete (36ms)
	LoadAllAssembliesAndSetupDomain (466ms)
		LoadAssemblies (436ms)
		RebuildTransferFunctionScriptingTraits (0ms)
		AnalyzeDomain (163ms)
			TypeCache.Refresh (7ms)
				TypeCache.ScanAssembly (0ms)
			BuildScriptInfoCaches (137ms)
			ResolveRequiredComponents (14ms)
	FinalizeReload (1614ms)
		ReleaseScriptCaches (0ms)
		RebuildScriptCaches (0ms)
		SetupLoadedEditorAssemblies (1358ms)
			LogAssemblyErrors (0ms)
			InitializePlatformSupportModulesInManaged (2ms)
			SetLoadedEditorAssemblies (4ms)
			BeforeProcessingInitializeOnLoad (211ms)
			ProcessInitializeOnLoadAttributes (1024ms)
			ProcessInitializeOnLoadMethodAttributes (106ms)
			AfterProcessingInitializeOnLoad (10ms)
			EditorAssembliesLoaded (0ms)
		ExecutionOrderSort2 (0ms)
		AwakeInstancesAfterBackupRestoration (26ms)
Refreshing native plugins compatible for Editor in 0.27 ms, found 0 plugins.
Preloading 0 native plugins for Editor in 0.00 ms.
Unloading 68 Unused Serialized files (Serialized files now loaded: 0)
Unloading 4230 unused Assets / (11.2 MB). Loaded Objects now: 4972.
Memory consumption went from 135.7 MB to 124.5 MB.
Total: 31.199300 ms (FindLiveObjects: 0.674200 ms CreateObjectMapping: 0.854700 ms MarkObjects: 15.259800 ms  DeleteObjects: 14.409200 ms)

Prepare: number of updated asset objects reloaded= 0
========================================================================
Received Prepare
Assembly reference Packages/com.unity.cinemachine/Editor/Samples/ExposeHDRPInternals/HDRP-Editor-ref.asmref has no target assembly definition
Assembly reference Packages/com.unity.cinemachine/Editor/Samples/ExposeHDRPInternals/HDRP-Editor-ref.asmref has no target assembly definition
Begin MonoManager ReloadAssembly
ADTM: Control thread waiting for realtime thread timed out, have to lock...
- Loaded All Assemblies, in  1.884 seconds
Assembly reference Packages/com.unity.cinemachine/Editor/Samples/ExposeHDRPInternals/HDRP-Editor-ref.asmref has no target assembly definition
'Packages/com.unity.cinemachine/Editor/Obsolete/CinemachineVirtualCameraBaseEditor.cs' contains partial class of Unity.Object, exactly 1 of the partial classes needs to be in a file with the same filename. This is to know the one that can be referenced from ie. GameObjects
'Packages/com.unity.cinemachine/Editor/Editors/CinemachineVirtualCameraBaseEditor.cs' contains partial class of Unity.Object, exactly 1 of the partial classes needs to be in a file with the same filename. This is to know the one that can be referenced from ie. GameObjects
Refreshing native plugins compatible for Editor in 0.24 ms, found 0 plugins.
Native extension for WindowsStandalone target not found
Assembly reference Packages/com.unity.cinemachine/Editor/Samples/ExposeHDRPInternals/HDRP-Editor-ref.asmref has no target assembly definition
[Package Manager] Failed to launch server process. Reason: Unity was launched with the -noUpm command-line argument
[Package Manager] Unable to send message (not connected to server process).
[Package Manager] Cannot connect to Unity Package Manager local server
Mono: successfully reloaded assembly
- Finished resetting the current domain, in  0.946 seconds
Domain Reload Profiling: 2824ms
	BeginReloadAssembly (1293ms)
		ExecutionOrderSort (0ms)
		DisableScriptedObjects (10ms)
		BackupInstance (0ms)
		ReleaseScriptingObjects (0ms)
		CreateAndSetChildDomain (1051ms)
	RebuildCommonClasses (54ms)
	RebuildNativeTypeToScriptingClass (21ms)
	initialDomainReloadingComplete (41ms)
	LoadAllAssembliesAndSetupDomain (468ms)
		LoadAssemblies (448ms)
		RebuildTransferFunctionScriptingTraits (0ms)
		AnalyzeDomain (163ms)
			TypeCache.Refresh (9ms)
				TypeCache.ScanAssembly (0ms)
			BuildScriptInfoCaches (127ms)
			ResolveRequiredComponents (17ms)
	FinalizeReload (946ms)
		ReleaseScriptCaches (0ms)
		RebuildScriptCaches (0ms)
		SetupLoadedEditorAssemblies (718ms)
			LogAssemblyErrors (0ms)
			InitializePlatformSupportModulesInManaged (2ms)
			SetLoadedEditorAssemblies (4ms)
			BeforeProcessingInitializeOnLoad (214ms)
			ProcessInitializeOnLoadAttributes (390ms)
			ProcessInitializeOnLoadMethodAttributes (98ms)
			AfterProcessingInitializeOnLoad (10ms)
			EditorAssembliesLoaded (0ms)
		ExecutionOrderSort2 (0ms)
		AwakeInstancesAfterBackupRestoration (22ms)
Refreshing native plugins compatible for Editor in 0.28 ms, found 0 plugins.
Preloading 0 native plugins for Editor in 0.00 ms.
Unloading 68 Unused Serialized files (Serialized files now loaded: 0)
Unloading 4226 unused Assets / (11.6 MB). Loaded Objects now: 4974.
Memory consumption went from 135.6 MB to 123.9 MB.
Total: 15.084300 ms (FindLiveObjects: 0.749600 ms CreateObjectMapping: 1.469000 ms MarkObjects: 5.819100 ms  DeleteObjects: 7.045200 ms)

Prepare: number of updated asset objects reloaded= 0
========================================================================
Received Import Request.
  Time since last request: 155.990186 seconds.
  path: Assets/Skyboxes
  artifactKey: Guid(455890979cffedd4683184ee83ce4584) Importer(815301076,1909f56bfc062723c751e8b465ee728b)
Start importing Assets/Skyboxes using Guid(455890979cffedd4683184ee83ce4584) Importer(815301076,1909f56bfc062723c751e8b465ee728b) (PreviewImporter) -> (artifact id: 'b3ff34ff8188e3b635d77c1f97d9344e') in 0.0026967 seconds
Number of updated asset objects reloaded before import = 0Number of asset objects unloaded after import = 0

========================================================================
Received Import Request.
  Time since last request: 1.831536 seconds.
  path: Assets/SourceFiles/Textures/Skyboxes/SkyDay.png
  artifactKey: Guid(86fb3c70b8eca0b4b9d540fefd339692) Importer(815301076,1909f56bfc062723c751e8b465ee728b)
Start importing Assets/SourceFiles/Textures/Skyboxes/SkyDay.png using Guid(86fb3c70b8eca0b4b9d540fefd339692) Importer(815301076,1909f56bfc062723c751e8b465ee728b) (PreviewImporter) -> (artifact id: '84140184e99d83bfdaf5d55a6bf7e5ea') in 0.9661549 seconds
Number of updated asset objects reloaded before import = 0Number of asset objects unloaded after import = 3

========================================================================
Received Import Request.
  Time since last request: 0.000037 seconds.
  path: Assets/SourceFiles/Textures/Skyboxes/SkyNight.png
  artifactKey: Guid(97f277ffa4e22274e9a5f314096ae459) Importer(815301076,1909f56bfc062723c751e8b465ee728b)
Start importing Assets/SourceFiles/Textures/Skyboxes/SkyNight.png using Guid(97f277ffa4e22274e9a5f314096ae459) Importer(815301076,1909f56bfc062723c751e8b465ee728b) (PreviewImporter) -> (artifact id: '90a98c2ee3b1b3b5d98678fc2150daee') in 0.0454155 seconds
Number of updated asset objects reloaded before import = 0Number of asset objects unloaded after import = 1

========================================================================
Received Import Request.
  Time since last request: 59.744946 seconds.
  path: Assets/Prefabs
  artifactKey: Guid(00aec451ce565394bbedfcf83ddd7447) Importer(815301076,1909f56bfc062723c751e8b465ee728b)
Start importing Assets/Prefabs using Guid(00aec451ce565394bbedfcf83ddd7447) Importer(815301076,1909f56bfc062723c751e8b465ee728b) (PreviewImporter) -> (artifact id: 'd77b2c6c0e2b72ee5b733d15c7ac8e6d') in 0.0006663 seconds
Number of updated asset objects reloaded before import = 0Number of asset objects unloaded after import = 0

========================================================================
Received Import Request.
  Time since last request: 0.582538 seconds.
  path: Assets/Materials
  artifactKey: Guid(54d7dd4e84f53794d804bea6d7cd0cdf) Importer(815301076,1909f56bfc062723c751e8b465ee728b)
Start importing Assets/Materials using Guid(54d7dd4e84f53794d804bea6d7cd0cdf) Importer(815301076,1909f56bfc062723c751e8b465ee728b) (PreviewImporter) -> (artifact id: 'ac6aca355759921ad4fc4c4fbec30c3c') in 0.0006413 seconds
Number of updated asset objects reloaded before import = 0Number of asset objects unloaded after import = 0

========================================================================
Received Import Request.
  Time since last request: 1.668824 seconds.
  path: Assets/Prefabs/Moving_Platform.prefab
  artifactKey: Guid(e42ada2c1e0e74736940be821b5ebe21) Importer(815301076,1909f56bfc062723c751e8b465ee728b)
Start importing Assets/Prefabs/Moving_Platform.prefab using Guid(e42ada2c1e0e74736940be821b5ebe21) Importer(815301076,1909f56bfc062723c751e8b465ee728b) (PreviewImporter) -> (artifact id: '61a3acfe29b996b9e454c704e5e2de6e') in 6.591841 seconds
Number of updated asset objects reloaded before import = 0Number of asset objects unloaded after import = 20

========================================================================
Received Import Request.
  Time since last request: 0.000032 seconds.
  path: Assets/Prefabs/Collectible_Star.prefab
  artifactKey: Guid(0188d362571e34eb3a9af2feb73521cf) Importer(815301076,1909f56bfc062723c751e8b465ee728b)
Start importing Assets/Prefabs/Collectible_Star.prefab using Guid(0188d362571e34eb3a9af2feb73521cf) Importer(815301076,1909f56bfc062723c751e8b465ee728b) (PreviewImporter) -> (artifact id: 'ec49967b1dc6182bd9b7bdc7d0a7c3a7') in 5.6839477 seconds
Number of updated asset objects reloaded before import = 0Number of asset objects unloaded after import = 20

========================================================================
Received Import Request.
  Time since last request: 0.000062 seconds.
  path: Assets/Prefabs/Stairs.prefab
  artifactKey: Guid(85137749cac42ae4abf354efb349ceaa) Importer(815301076,1909f56bfc062723c751e8b465ee728b)
Start importing Assets/Prefabs/Stairs.prefab using Guid(85137749cac42ae4abf354efb349ceaa) Importer(815301076,1909f56bfc062723c751e8b465ee728b) (PreviewImporter) -> (artifact id: 'e0de0212ecc6a9eb83f3abdb6191a6d5') in 0.0215243 seconds
Number of updated asset objects reloaded before import = 0Number of asset objects unloaded after import = 10

========================================================================
Received Prepare
Assembly reference Packages/com.unity.cinemachine/Editor/Samples/ExposeHDRPInternals/HDRP-Editor-ref.asmref has no target assembly definition
Assembly reference Packages/com.unity.cinemachine/Editor/Samples/ExposeHDRPInternals/HDRP-Editor-ref.asmref has no target assembly definition
Begin MonoManager ReloadAssembly
[Licensing::Client] Successfully resolved entitlement details
ADTM: Control thread waiting for realtime thread timed out, have to lock...
- Loaded All Assemblies, in  2.204 seconds
Assembly reference Packages/com.unity.cinemachine/Editor/Samples/ExposeHDRPInternals/HDRP-Editor-ref.asmref has no target assembly definition
'Packages/com.unity.cinemachine/Editor/Obsolete/CinemachineVirtualCameraBaseEditor.cs' contains partial class of Unity.Object, exactly 1 of the partial classes needs to be in a file with the same filename. This is to know the one that can be referenced from ie. GameObjects
'Packages/com.unity.cinemachine/Editor/Editors/CinemachineVirtualCameraBaseEditor.cs' contains partial class of Unity.Object, exactly 1 of the partial classes needs to be in a file with the same filename. This is to know the one that can be referenced from ie. GameObjects
Refreshing native plugins compatible for Editor in 0.27 ms, found 0 plugins.
Native extension for WindowsStandalone target not found
Assembly reference Packages/com.unity.cinemachine/Editor/Samples/ExposeHDRPInternals/HDRP-Editor-ref.asmref has no target assembly definition
[Package Manager] Failed to launch server process. Reason: Unity was launched with the -noUpm command-line argument
[Package Manager] Unable to send message (not connected to server process).
[Package Manager] Cannot connect to Unity Package Manager local server
Mono: successfully reloaded assembly
- Finished resetting the current domain, in  1.038 seconds
Domain Reload Profiling: 3228ms
	BeginReloadAssembly (1398ms)
		ExecutionOrderSort (0ms)
		DisableScriptedObjects (39ms)
		BackupInstance (0ms)
		ReleaseScriptingObjects (0ms)
		CreateAndSetChildDomain (1077ms)
	RebuildCommonClasses (89ms)
	RebuildNativeTypeToScriptingClass (27ms)
	initialDomainReloadingComplete (58ms)
	LoadAllAssembliesAndSetupDomain (618ms)
		LoadAssemblies (633ms)
		RebuildTransferFunctionScriptingTraits (0ms)
		AnalyzeDomain (170ms)
			TypeCache.Refresh (9ms)
				TypeCache.ScanAssembly (0ms)
			BuildScriptInfoCaches (141ms)
			ResolveRequiredComponents (15ms)
	FinalizeReload (1039ms)
		ReleaseScriptCaches (0ms)
		RebuildScriptCaches (0ms)
		SetupLoadedEditorAssemblies (814ms)
			LogAssemblyErrors (0ms)
			InitializePlatformSupportModulesInManaged (4ms)
			SetLoadedEditorAssemblies (4ms)
			BeforeProcessingInitializeOnLoad (224ms)
			ProcessInitializeOnLoadAttributes (375ms)
			ProcessInitializeOnLoadMethodAttributes (198ms)
			AfterProcessingInitializeOnLoad (9ms)
			EditorAssembliesLoaded (0ms)
		ExecutionOrderSort2 (0ms)
		AwakeInstancesAfterBackupRestoration (23ms)
Refreshing native plugins compatible for Editor in 0.32 ms, found 0 plugins.
Preloading 0 native plugins for Editor in 0.00 ms.
Unloading 68 Unused Serialized files (Serialized files now loaded: 0)
Unloading 4227 unused Assets / (11.7 MB). Loaded Objects now: 5031.
Memory consumption went from 138.2 MB to 126.4 MB.
Total: 17.342700 ms (FindLiveObjects: 0.587100 ms CreateObjectMapping: 0.879400 ms MarkObjects: 6.609700 ms  DeleteObjects: 9.265300 ms)

Prepare: number of updated asset objects reloaded= 0
========================================================================
Received Import Request.
  Time since last request: 328.100855 seconds.
  path: Assets/Prefabs/PlayerRobot.prefab
  artifactKey: Guid(332df604d1fc7fd46ae4013ce9b4a5d6) Importer(815301076,1909f56bfc062723c751e8b465ee728b)
Start importing Assets/Prefabs/PlayerRobot.prefab using Guid(332df604d1fc7fd46ae4013ce9b4a5d6) Importer(815301076,1909f56bfc062723c751e8b465ee728b) (PreviewImporter) -> (artifact id: '165e2bd2e05b8d136bc1bfd367333289') in 0.7225293 seconds
Number of updated asset objects reloaded before import = 0Number of asset objects unloaded after import = 455

========================================================================
Received Prepare
Assembly reference Packages/com.unity.cinemachine/Editor/Samples/ExposeHDRPInternals/HDRP-Editor-ref.asmref has no target assembly definition
Assembly reference Packages/com.unity.cinemachine/Editor/Samples/ExposeHDRPInternals/HDRP-Editor-ref.asmref has no target assembly definition
Begin MonoManager ReloadAssembly
ADTM: Control thread waiting for realtime thread timed out, have to lock...
- Loaded All Assemblies, in  1.882 seconds
Assembly reference Packages/com.unity.cinemachine/Editor/Samples/ExposeHDRPInternals/HDRP-Editor-ref.asmref has no target assembly definition
'Packages/com.unity.cinemachine/Editor/Obsolete/CinemachineVirtualCameraBaseEditor.cs' contains partial class of Unity.Object, exactly 1 of the partial classes needs to be in a file with the same filename. This is to know the one that can be referenced from ie. GameObjects
'Packages/com.unity.cinemachine/Editor/Editors/CinemachineVirtualCameraBaseEditor.cs' contains partial class of Unity.Object, exactly 1 of the partial classes needs to be in a file with the same filename. This is to know the one that can be referenced from ie. GameObjects
Refreshing native plugins compatible for Editor in 0.35 ms, found 0 plugins.
Native extension for WindowsStandalone target not found
Assembly reference Packages/com.unity.cinemachine/Editor/Samples/ExposeHDRPInternals/HDRP-Editor-ref.asmref has no target assembly definition
[Package Manager] Failed to launch server process. Reason: Unity was launched with the -noUpm command-line argument
[Package Manager] Unable to send message (not connected to server process).
[Package Manager] Cannot connect to Unity Package Manager local server
Mono: successfully reloaded assembly
- Finished resetting the current domain, in  0.957 seconds
Domain Reload Profiling: 2835ms
	BeginReloadAssembly (1301ms)
		ExecutionOrderSort (0ms)
		DisableScriptedObjects (28ms)
		BackupInstance (0ms)
		ReleaseScriptingObjects (0ms)
		CreateAndSetChildDomain (1058ms)
	RebuildCommonClasses (53ms)
	RebuildNativeTypeToScriptingClass (19ms)
	initialDomainReloadingComplete (36ms)
	LoadAllAssembliesAndSetupDomain (468ms)
		LoadAssemblies (435ms)
		RebuildTransferFunctionScriptingTraits (0ms)
		AnalyzeDomain (174ms)
			TypeCache.Refresh (9ms)
				TypeCache.ScanAssembly (0ms)
			BuildScriptInfoCaches (142ms)
			ResolveRequiredComponents (17ms)
	FinalizeReload (957ms)
		ReleaseScriptCaches (0ms)
		RebuildScriptCaches (0ms)
		SetupLoadedEditorAssemblies (718ms)
			LogAssemblyErrors (0ms)
			InitializePlatformSupportModulesInManaged (2ms)
			SetLoadedEditorAssemblies (5ms)
			BeforeProcessingInitializeOnLoad (231ms)
			ProcessInitializeOnLoadAttributes (373ms)
			ProcessInitializeOnLoadMethodAttributes (98ms)
			AfterProcessingInitializeOnLoad (9ms)
			EditorAssembliesLoaded (0ms)
		ExecutionOrderSort2 (0ms)
		AwakeInstancesAfterBackupRestoration (23ms)
Refreshing native plugins compatible for Editor in 0.32 ms, found 0 plugins.
Preloading 0 native plugins for Editor in 0.00 ms.
Unloading 68 Unused Serialized files (Serialized files now loaded: 0)
Unloading 4227 unused Assets / (11.6 MB). Loaded Objects now: 5054.
Memory consumption went from 145.0 MB to 133.4 MB.
Total: 16.183900 ms (FindLiveObjects: 0.527900 ms CreateObjectMapping: 0.682700 ms MarkObjects: 5.743900 ms  DeleteObjects: 9.228300 ms)

Prepare: number of updated asset objects reloaded= 0
========================================================================
Received Import Request.
  Time since last request: 60.234835 seconds.
  path: Assets/Prefabs/Wall_Light_Right.prefab
  artifactKey: Guid(7c720486872c9429eafbb5d88f57e108) Importer(815301076,1909f56bfc062723c751e8b465ee728b)
Start importing Assets/Prefabs/Wall_Light_Right.prefab using Guid(7c720486872c9429eafbb5d88f57e108) Importer(815301076,1909f56bfc062723c751e8b465ee728b) (PreviewImporter) -> (artifact id: '3d06f29d5cb4dd24ee78fa1c7b51260a') in 6.1792945 seconds
Number of updated asset objects reloaded before import = 0Number of asset objects unloaded after import = 19

========================================================================
Received Import Request.
  Time since last request: 20.466169 seconds.
  path: Assets/SourceFiles/Textures/Skyboxes/SkySunSet.png
  artifactKey: Guid(c7fde95730c7e7542bc1169a9e4638f5) Importer(815301076,1909f56bfc062723c751e8b465ee728b)
Start importing Assets/SourceFiles/Textures/Skyboxes/SkySunSet.png using Guid(c7fde95730c7e7542bc1169a9e4638f5) Importer(815301076,1909f56bfc062723c751e8b465ee728b) (PreviewImporter) -> (artifact id: '83a5f6e05bb2fadae403eff4e469bb65') in 0.0514764 seconds
Number of updated asset objects reloaded before import = 0Number of asset objects unloaded after import = 1

========================================================================
Received Import Request.
  Time since last request: 16.728561 seconds.
  path: Assets/Scenes
  artifactKey: Guid(9c53962885c2c4f449125a979d6ad240) Importer(815301076,1909f56bfc062723c751e8b465ee728b)
Start importing Assets/Scenes using Guid(9c53962885c2c4f449125a979d6ad240) Importer(815301076,1909f56bfc062723c751e8b465ee728b) (PreviewImporter) -> (artifact id: 'd65b75f456837a3494a5e6e744543932') in 0.0008032 seconds
Number of updated asset objects reloaded before import = 0Number of asset objects unloaded after import = 0

========================================================================
Received Import Request.
  Time since last request: 0.915617 seconds.
  path: Assets/Scenes/GetStarted_Scene.unity
  artifactKey: Guid(6888813f2bd9e4521b9b1343abf0c60f) Importer(815301076,1909f56bfc062723c751e8b465ee728b)
Start importing Assets/Scenes/GetStarted_Scene.unity using Guid(6888813f2bd9e4521b9b1343abf0c60f) Importer(815301076,1909f56bfc062723c751e8b465ee728b) (PreviewImporter) -> (artifact id: '94d7c6d64f1d394992c2962e99226900') in 0.0006827 seconds
Number of updated asset objects reloaded before import = 0Number of asset objects unloaded after import = 0

========================================================================
Received Import Request.
  Time since last request: 3.649810 seconds.
  path: Assets/Audio
  artifactKey: Guid(969e07ce507f74189b2f8ff6296696f6) Importer(815301076,1909f56bfc062723c751e8b465ee728b)
Start importing Assets/Audio using Guid(969e07ce507f74189b2f8ff6296696f6) Importer(815301076,1909f56bfc062723c751e8b465ee728b) (PreviewImporter) -> (artifact id: '7aaf4e07dfae5fcdbfe0d73094239ced') in 0.0008934 seconds
Number of updated asset objects reloaded before import = 0Number of asset objects unloaded after import = 0

========================================================================
Received Import Request.
  Time since last request: 0.623482 seconds.
  path: Assets/Audio/Background_Ambient_Wind.prefab
  artifactKey: Guid(eec314210e1dc46cb9e7c22b77508353) Importer(815301076,1909f56bfc062723c751e8b465ee728b)
Start importing Assets/Audio/Background_Ambient_Wind.prefab using Guid(eec314210e1dc46cb9e7c22b77508353) Importer(815301076,1909f56bfc062723c751e8b465ee728b) (PreviewImporter) -> (artifact id: 'b0e3cf43457cd3bf18a09161adae4074') in 0.0016426 seconds
Number of updated asset objects reloaded before import = 0Number of asset objects unloaded after import = 5

========================================================================
Received Import Request.
  Time since last request: 0.910847 seconds.
  path: Assets/Audio/Background_Ambient_Sci-Fi.prefab
  artifactKey: Guid(5fa452b78008549fe9c17940d1b51932) Importer(815301076,1909f56bfc062723c751e8b465ee728b)
Start importing Assets/Audio/Background_Ambient_Sci-Fi.prefab using Guid(5fa452b78008549fe9c17940d1b51932) Importer(815301076,1909f56bfc062723c751e8b465ee728b) (PreviewImporter) -> (artifact id: 'a0ab0ad812cbea53dedc3272e955571a') in 0.0018216 seconds
Number of updated asset objects reloaded before import = 0Number of asset objects unloaded after import = 5

========================================================================
Received Import Request.
  Time since last request: 23.402068 seconds.
  path: Assets/VFX
  artifactKey: Guid(967560a9948c9154cb725ebb878d0742) Importer(815301076,1909f56bfc062723c751e8b465ee728b)
Start importing Assets/VFX using Guid(967560a9948c9154cb725ebb878d0742) Importer(815301076,1909f56bfc062723c751e8b465ee728b) (PreviewImporter) -> (artifact id: 'fd5b136d9097681c348373b9206bda2f') in 0.00075 seconds
Number of updated asset objects reloaded before import = 0Number of asset objects unloaded after import = 0

========================================================================
Received Import Request.
  Time since last request: 17.558390 seconds.
  path: Assets/SourceFiles/VFX/GlowMaterial.mat
  artifactKey: Guid(aa247a0123f2c2c47a2f55d9632b5d18) Importer(815301076,1909f56bfc062723c751e8b465ee728b)
Start importing Assets/SourceFiles/VFX/GlowMaterial.mat using Guid(aa247a0123f2c2c47a2f55d9632b5d18) Importer(815301076,1909f56bfc062723c751e8b465ee728b) (PreviewImporter) -> (artifact id: '339ebb17a147e56f83760e68fb838593') in 0.2715679 seconds
Number of updated asset objects reloaded before import = 0Number of asset objects unloaded after import = 2

========================================================================
Received Import Request.
  Time since last request: 47.141731 seconds.
  path: Assets/UI
  artifactKey: Guid(e9593a7b43e0a468d9d49997807ba518) Importer(815301076,1909f56bfc062723c751e8b465ee728b)
Start importing Assets/UI using Guid(e9593a7b43e0a468d9d49997807ba518) Importer(815301076,1909f56bfc062723c751e8b465ee728b) (PreviewImporter) -> (artifact id: 'c8a5624c8c7349b94b00dae838e84e1e') in 0.0006496 seconds
Number of updated asset objects reloaded before import = 0Number of asset objects unloaded after import = 0

========================================================================
Received Prepare
Assembly reference Packages/com.unity.cinemachine/Editor/Samples/ExposeHDRPInternals/HDRP-Editor-ref.asmref has no target assembly definition
Assembly reference Packages/com.unity.cinemachine/Editor/Samples/ExposeHDRPInternals/HDRP-Editor-ref.asmref has no target assembly definition
Begin MonoManager ReloadAssembly
[Licensing::Client] Successfully resolved entitlement details
ADTM: Control thread waiting for realtime thread timed out, have to lock...
- Loaded All Assemblies, in  2.163 seconds
Assembly reference Packages/com.unity.cinemachine/Editor/Samples/ExposeHDRPInternals/HDRP-Editor-ref.asmref has no target assembly definition
'Packages/com.unity.cinemachine/Editor/Obsolete/CinemachineVirtualCameraBaseEditor.cs' contains partial class of Unity.Object, exactly 1 of the partial classes needs to be in a file with the same filename. This is to know the one that can be referenced from ie. GameObjects
'Packages/com.unity.cinemachine/Editor/Editors/CinemachineVirtualCameraBaseEditor.cs' contains partial class of Unity.Object, exactly 1 of the partial classes needs to be in a file with the same filename. This is to know the one that can be referenced from ie. GameObjects
Refreshing native plugins compatible for Editor in 0.30 ms, found 0 plugins.
Native extension for WindowsStandalone target not found
Assembly reference Packages/com.unity.cinemachine/Editor/Samples/ExposeHDRPInternals/HDRP-Editor-ref.asmref has no target assembly definition
[Package Manager] Failed to launch server process. Reason: Unity was launched with the -noUpm command-line argument
[Package Manager] Unable to send message (not connected to server process).
[Package Manager] Cannot connect to Unity Package Manager local server
Mono: successfully reloaded assembly
- Finished resetting the current domain, in  1.146 seconds
Domain Reload Profiling: 3306ms
	BeginReloadAssembly (1357ms)
		ExecutionOrderSort (0ms)
		DisableScriptedObjects (43ms)
		BackupInstance (0ms)
		ReleaseScriptingObjects (0ms)
		CreateAndSetChildDomain (1074ms)
	RebuildCommonClasses (60ms)
	RebuildNativeTypeToScriptingClass (22ms)
	initialDomainReloadingComplete (41ms)
	LoadAllAssembliesAndSetupDomain (681ms)
		LoadAssemblies (647ms)
		RebuildTransferFunctionScriptingTraits (0ms)
		AnalyzeDomain (178ms)
			TypeCache.Refresh (10ms)
				TypeCache.ScanAssembly (0ms)
			BuildScriptInfoCaches (148ms)
			ResolveRequiredComponents (15ms)
	FinalizeReload (1146ms)
		ReleaseScriptCaches (0ms)
		RebuildScriptCaches (0ms)
		SetupLoadedEditorAssemblies (925ms)
			LogAssemblyErrors (0ms)
			InitializePlatformSupportModulesInManaged (2ms)
			SetLoadedEditorAssemblies (4ms)
			BeforeProcessingInitializeOnLoad (223ms)
			ProcessInitializeOnLoadAttributes (587ms)
			ProcessInitializeOnLoadMethodAttributes (99ms)
			AfterProcessingInitializeOnLoad (9ms)
			EditorAssembliesLoaded (0ms)
		ExecutionOrderSort2 (0ms)
		AwakeInstancesAfterBackupRestoration (24ms)
Refreshing native plugins compatible for Editor in 0.31 ms, found 0 plugins.
Preloading 0 native plugins for Editor in 0.00 ms.
Unloading 68 Unused Serialized files (Serialized files now loaded: 0)
Unloading 4228 unused Assets / (11.7 MB). Loaded Objects now: 5086.
Memory consumption went from 145.0 MB to 133.4 MB.
Total: 15.171700 ms (FindLiveObjects: 0.604100 ms CreateObjectMapping: 0.813200 ms MarkObjects: 6.467200 ms  DeleteObjects: 7.286000 ms)

Prepare: number of updated asset objects reloaded= 0
